Timestamp,From Bank,Account,To Bank,Account,Amount Received,Receiving Currency,Amount Paid,Payment Currency,Payment Format,Is Laundering
2022/09/01 00:20,010,8000EBD30,010,8000EBD30,3697.34,US Dollar,3697.34,US Dollar,Reinvestment,0
2022/09/01 00:20,03208,8000F4580,001,8000F5340,0.01,US Dollar,0.01,US Dollar,Cheque,0
2022/09/01 00:00,03209,8000F4670,03209,8000F4670,14675.57,US Dollar,14675.57,US Dollar,Reinvestment,0
2022/09/01 00:02,012,8000F5030,012,8000F5030,2806.97,US Dollar,2806.97,US Dollar,Reinvestment,0
2022/09/01 00:06,010,8000F5200,010,8000F5200,36682.97,US Dollar,36682.97,US Dollar,Reinvestment,0
2022/09/01 00:03,001,8000F5AD0,001,8000F5AD0,6162.44,US Dollar,6162.44,US Dollar,Reinvestment,0
2022/09/01 00:08,001,8000EBAC0,001,8000EBAC0,14.26,US Dollar,14.26,US Dollar,Reinvestment,0
2022/09/01 00:16,001,8000EC1E0,001,8000EC1E0,11.86,US Dollar,11.86,US Dollar,Reinvestment,0
2022/09/01 00:26,012,8000EC280,002439,8017BF800,7.66,US Dollar,7.66,US Dollar,Credit Card,0
2022/09/01 00:21,001,8000EDEC0,0211050,80AEF5310,383.71,US Dollar,383.71,US Dollar,Credit Card,0
2022/09/01 00:04,001,8000F4510,011813,8011305D0,9.82,US Dollar,9.82,US Dollar,Credit Card,0
2022/09/01 00:04,001,8000F47F0,001,8000F47F0,9.38,US Dollar,9.38,US Dollar,Reinvestment,0
2022/09/01 00:08,001,8000F4FE0,0245335,812ED62E0,4.01,US Dollar,4.01,US Dollar,Credit Card,0
2022/09/01 00:17,010,80012FD90,0036056,812ED6380,106.70,US Dollar,106.70,US Dollar,Credit Card,0
2022/09/01 00:11,012,80012FE00,013037,805B34210,0.54,US Dollar,0.54,US Dollar,Credit Card,0
2022/09/01 00:09,001,80012FE50,001,80012FE50,3944232.29,US Dollar,3944232.29,US Dollar,Reinvestment,0
2022/09/01 00:11,010,80012FEA0,010,80012FEA0,10020.68,US Dollar,10020.68,US Dollar,Reinvestment,0
2022/09/01 00:00,01420,8005DFEB0,01420,8005DFEB0,897.37,US Dollar,897.37,US Dollar,Reinvestment,0
2022/09/01 00:28,01665,8005E18F0,01665,8005E18F0,157.57,US Dollar,157.57,US Dollar,Reinvestment,0
2022/09/01 00:22,01665,8005E24C0,01665,8005E24C0,52.75,US Dollar,52.75,US Dollar,Reinvestment,0
2022/09/01 00:28,01420,8005F2D30,01420,8005F2D30,8163.85,US Dollar,8163.85,US Dollar,Reinvestment,0
2022/09/01 00:12,010,800131480,010,800131480,5.74,US Dollar,5.74,US Dollar,Reinvestment,0
2022/09/01 00:20,012,800131B10,0011642,8131A9A80,46.86,US Dollar,46.86,US Dollar,Credit Card,0
2022/09/01 00:02,01665,8005E18F0,01665,8005E18F0,9.89,US Dollar,9.89,US Dollar,Reinvestment,0
2022/09/01 00:21,010,8005F0B50,013327,810B0FB40,86.30,US Dollar,86.30,US Dollar,Credit Card,0
2022/09/01 00:16,00908,8005FB700,0143995,813600910,3.16,US Dollar,3.16,US Dollar,Credit Card,0
2022/09/01 00:25,01420,8005FD390,01420,8005FD390,780457.62,US Dollar,780457.62,US Dollar,Reinvestment,0
2022/09/01 00:09,01688,8005FD430,01688,8005FD430,748.62,US Dollar,748.62,US Dollar,Reinvestment,0
2022/09/01 00:11,001,800A5F020,01420,8006A3840,1210984.00,US Dollar,1210984.00,US Dollar,ACH,0
2022/09/01 00:29,01420,8005FD390,01292,8006A3890,38386097.00,US Dollar,38386097.00,US Dollar,Cheque,0
2022/09/01 00:12,010,8006AF500,010,8006AF500,956.43,US Dollar,956.43,US Dollar,Reinvestment,0
2022/09/01 00:25,031125,8006AF550,031125,8006AF550,43.44,US Dollar,43.44,US Dollar,Reinvestment,0
2022/09/01 00:26,010,800058100,01688,8005FD430,159271.00,US Dollar,159271.00,US Dollar,ACH,0
2022/09/01 00:14,01420,8006A3840,0217680,80C132DC0,3.62,US Dollar,3.62,US Dollar,Credit Card,0
2022/09/01 00:09,01292,8006A3890,0121303,80A3C7390,192.83,US Dollar,192.83,US Dollar,Credit Card,0
2022/09/01 00:22,01674,800AC8E30,01674,800AC8E30,4295104.54,US Dollar,4295104.54,US Dollar,Reinvestment,0
2022/09/01 00:09,021611,800AC9010,021611,800AC9010,3203.20,US Dollar,3203.20,US Dollar,Reinvestment,0
2022/09/01 00:05,011157,800ACA9C0,011157,800ACA9C0,192154.42,US Dollar,192154.42,US Dollar,Reinvestment,0
2022/09/01 00:04,021611,800AC9010,01467,801008340,152631.00,US Dollar,152631.00,US Dollar,Cheque,0
2022/09/01 00:15,01674,800AC8E30,01420,801008520,5069.19,US Dollar,5069.19,US Dollar,Cheque,0
2022/09/01 00:29,010,80005D5C0,01674,800AC8E30,29382.00,US Dollar,29382.00,US Dollar,Cheque,0
2022/09/01 00:28,011296,800AC8E80,011296,800AC8E80,7.64,US Dollar,7.64,US Dollar,Reinvestment,0
2022/09/01 00:07,011474,800AC9400,001124,814233CC0,16.03,US Dollar,16.03,US Dollar,Credit Card,0
2022/09/01 00:02,01601,800AC9DD0,0215064,8121CF4B0,25.34,US Dollar,25.34,US Dollar,Credit Card,0
2022/09/01 00:02,001411,800AC9E20,001124,814233CC0,146.97,US Dollar,146.97,US Dollar,Credit Card,0
2022/09/01 00:08,01467,801008340,0111764,8082250C0,16.90,US Dollar,16.90,US Dollar,Credit Card,0
2022/09/01 00:10,001241,801008480,015723,8065002B0,87.71,US Dollar,87.71,US Dollar,Credit Card,0
2022/09/01 00:16,01420,801008520,012,80974B620,17.57,US Dollar,17.57,US Dollar,Credit Card,0
2022/09/01 00:04,01420,8010098B0,01420,8010098B0,19605.49,US Dollar,19605.49,US Dollar,Reinvestment,0
2022/09/01 00:14,01674,801009860,001411,80100A2C0,424245.00,US Dollar,424245.00,US Dollar,Cheque,0
2022/09/01 00:29,01674,801009860,001457,80100D180,2995.00,US Dollar,2995.00,US Dollar,ACH,0
2022/09/01 00:11,01674,801009860,001,80100DB80,527190.00,US Dollar,527190.00,US Dollar,ACH,0
2022/09/01 00:06,001068,8012261B0,001068,8012261B0,15018.93,US Dollar,15018.93,US Dollar,Reinvestment,0
2022/09/01 00:17,01674,801009860,01674,801009860,17.29,US Dollar,17.29,US Dollar,Reinvestment,0
2022/09/01 00:22,001411,80100A2C0,0012893,80805AE20,6.88,US Dollar,6.88,US Dollar,Credit Card,0
2022/09/01 00:22,001457,80100D180,015916,803177AF0,406.38,US Dollar,406.38,US Dollar,Credit Card,0
2022/09/01 00:01,011318,80100DB30,016109,80805A830,9.57,US Dollar,9.57,US Dollar,Credit Card,0
2022/09/01 00:08,001,80100DB80,011904,80A059840,42.18,US Dollar,42.18,US Dollar,Credit Card,0
2022/09/01 00:13,001,8012275D0,001,8012275D0,78061.55,US Dollar,78061.55,US Dollar,Reinvestment,0
2022/09/01 00:11,001,8012275D0,01467,801227620,8468.00,US Dollar,8468.00,US Dollar,ACH,0
2022/09/01 00:12,001,8012275D0,012,80141ED50,13818883.00,US Dollar,13818883.00,US Dollar,Cheque,0
2022/09/01 00:11,001,8012275D0,001686,8004169F0,9814809.87,US Dollar,9814809.87,US Dollar,ACH,0
2022/09/01 00:01,001,8012275D0,001047,800416A40,2782.00,US Dollar,2782.00,US Dollar,ACH,0
2022/09/01 00:16,001,8012275D0,001,8012275D0,4.62,US Dollar,4.62,US Dollar,Reinvestment,0
2022/09/01 00:21,01467,801227620,006156,802F2FD40,44.54,US Dollar,44.54,US Dollar,Credit Card,0
2022/09/01 00:28,012,80141ED50,023885,805DEB4F0,77.15,US Dollar,77.15,US Dollar,Credit Card,0
2022/09/01 00:19,001686,8004169F0,001047,80A0DDC70,6.28,US Dollar,6.28,US Dollar,Credit Card,0
2022/09/01 00:05,001047,800416A40,015723,8051B9F40,130.10,US Dollar,130.10,US Dollar,Credit Card,0
2022/09/01 00:27,003051,80152BF60,003051,80152BF60,11.77,US Dollar,11.77,US Dollar,Reinvestment,0
2022/09/01 00:25,01665,80152E780,0015625,81173FE50,5.87,US Dollar,5.87,US Dollar,Credit Card,0
2022/09/01 00:14,011296,8016B82E0,011296,8016B82E0,756221.89,US Dollar,756221.89,US Dollar,Reinvestment,0
2022/09/01 00:11,023842,8016BA970,023842,8016BA970,24068.17,US Dollar,24068.17,US Dollar,Reinvestment,0
2022/09/01 00:18,011904,8016BC320,010,8016BBF40,106953.00,US Dollar,106953.00,US Dollar,ACH,0
2022/09/01 00:06,013327,8016BA470,002991,8016BBF90,25397.00,US Dollar,25397.00,US Dollar,ACH,0
2022/09/01 00:26,011904,8016BC320,011904,8016BC320,1282.15,US Dollar,1282.15,US Dollar,Reinvestment,0
2022/09/01 00:23,00220,8016BC820,00220,8016BC820,489.99,US Dollar,489.99,US Dollar,Reinvestment,0
2022/09/01 00:18,00701,8016BBEA0,00701,8016BBEA0,11.68,US Dollar,11.68,US Dollar,Reinvestment,0
2022/09/01 00:17,010,8016BBF40,0024161,80DF7DCE0,149.35,US Dollar,149.35,US Dollar,Credit Card,0
2022/09/01 00:16,002991,8016BBF90,011904,8017A8630,97.86,US Dollar,97.86,US Dollar,Credit Card,0
2022/09/01 00:29,002845,8016BC370,002845,8016BC370,17.38,US Dollar,17.38,US Dollar,Reinvestment,0
2022/09/01 00:24,001244,8016CAB70,0121303,80E2754A0,51.44,US Dollar,51.44,US Dollar,Credit Card,0
2022/09/01 00:08,001686,8018754D0,0014804,80D120A40,46.30,US Dollar,46.30,US Dollar,Credit Card,0
2022/09/01 00:20,001068,801342560,001068,801342560,6.11,US Dollar,6.11,US Dollar,Reinvestment,0
2022/09/01 00:26,023833,8018859B0,023833,8018859B0,3231020.27,US Dollar,3231020.27,US Dollar,Reinvestment,0
2022/09/01 00:29,011904,801885E60,011904,801885E60,64631.85,US Dollar,64631.85,US Dollar,Reinvestment,0
2022/09/01 00:19,021258,801885EB0,021258,801885EB0,278.34,US Dollar,278.34,US Dollar,Reinvestment,0
2022/09/01 00:07,022345,8018A5860,022345,8018A5860,25.23,US Dollar,25.23,US Dollar,Reinvestment,0
2022/09/01 00:24,012735,8018A5A80,012735,8018A5A80,48609.72,US Dollar,48609.72,US Dollar,Reinvestment,0
2022/09/01 00:13,022828,8018A5CF0,022828,8018A5CF0,1445.91,US Dollar,1445.91,US Dollar,Reinvestment,0
2022/09/01 00:04,002439,801DC6C70,013037,8018A61B0,62787.00,US Dollar,62787.00,US Dollar,Cheque,0
2022/09/01 00:23,01362,8019FB070,01362,8019FB070,1511.00,US Dollar,1511.00,US Dollar,Reinvestment,0
2022/09/01 00:03,003242,801DC7400,003242,801DC7400,1266.68,US Dollar,1266.68,US Dollar,Reinvestment,0
2022/09/01 00:24,011904,801885E60,011904,801885E60,3.20,US Dollar,3.20,US Dollar,Reinvestment,0
2022/09/01 00:20,021174,801886770,0226657,812B06600,32.20,US Dollar,32.20,US Dollar,Credit Card,0
2022/09/01 00:10,00908,8018867C0,0222363,80D454CA0,2.22,US Dollar,2.22,US Dollar,Credit Card,0
2022/09/01 00:10,022828,8018A5CF0,022828,8018A5CF0,18.28,US Dollar,18.28,US Dollar,Reinvestment,0
2022/09/01 00:03,023885,8018A6110,023885,8018A6110,6.05,US Dollar,6.05,US Dollar,Reinvestment,0
2022/09/01 00:04,013037,8018A61B0,0226657,812B06600,39.48,US Dollar,39.48,US Dollar,Credit Card,0
2022/09/01 00:11,01362,8019FB070,01362,8019FB070,3.89,US Dollar,3.89,US Dollar,Reinvestment,0
2022/09/01 00:04,003420,801D9FF00,003420,801D9FF00,19.24,US Dollar,19.24,US Dollar,Reinvestment,0
2022/09/01 00:03,0015768,8149656B0,0015768,8149656B0,10.91,US Dollar,10.91,US Dollar,Reinvestment,0
2022/09/01 00:19,010,800042E70,010,800042E70,9.63,US Dollar,9.63,US Dollar,Reinvestment,0
2022/09/01 00:14,010,800043990,010,800043990,23.63,US Dollar,23.63,US Dollar,Reinvestment,0
2022/09/01 00:22,012,800054B70,012,800054B70,10.44,US Dollar,10.44,US Dollar,Reinvestment,0
2022/09/01 00:16,010,800052F90,010,800052F90,1111098.70,US Dollar,1111098.70,US Dollar,Reinvestment,0
2022/09/01 00:26,012,800043C00,012,800043C00,755.25,US Dollar,755.25,US Dollar,Cheque,0
2022/09/01 00:20,012,800043C00,012,800043C00,876.16,US Dollar,876.16,US Dollar,Credit Card,0
2022/09/01 00:03,001,800056160,001,800056160,5439.01,US Dollar,5439.01,US Dollar,Reinvestment,0
2022/09/01 00:04,001,800056370,001,800056370,14.60,US Dollar,14.60,US Dollar,Reinvestment,0
2022/09/01 00:20,010,800056660,010,800056660,4461.81,US Dollar,4461.81,US Dollar,Cheque,0
2022/09/01 00:03,010,800056660,010,800056660,1134.32,US Dollar,1134.32,US Dollar,Credit Card,0
2022/09/01 00:18,010,800056660,010,800056660,726.94,US Dollar,726.94,US Dollar,Cash,0
2022/09/01 00:12,010,800056660,010,800056660,297.27,US Dollar,297.27,US Dollar,ACH,0
2022/09/01 00:14,010,800056660,010,800056660,14.84,US Dollar,14.84,US Dollar,Reinvestment,0
2022/09/01 00:16,001,800056CB0,001,800056CB0,40939.45,US Dollar,40939.45,US Dollar,Reinvestment,0
2022/09/01 00:17,001,800056CB0,001,800056CB0,3.31,US Dollar,3.31,US Dollar,Reinvestment,0
2022/09/01 00:03,001,800057620,001,800057620,4.58,US Dollar,4.58,US Dollar,Reinvestment,0
2022/09/01 00:10,001,800057A10,001,800057A10,755232.33,US Dollar,755232.33,US Dollar,Reinvestment,0
2022/09/01 00:11,001,800057D40,001,800057D40,5.50,US Dollar,5.50,US Dollar,Reinvestment,0
2022/09/01 00:27,012,8000551B0,012,8000551B0,21.77,US Dollar,21.77,US Dollar,Reinvestment,0
2022/09/01 00:22,001,800058B80,001,800058B80,1028547.78,US Dollar,1028547.78,US Dollar,Reinvestment,0
2022/09/01 00:08,001,800058B80,001,800058B80,11.24,US Dollar,11.24,US Dollar,Reinvestment,0
2022/09/01 00:25,012,800059230,012,800059230,77285.26,US Dollar,77285.26,US Dollar,Reinvestment,0
2022/09/01 00:28,010,800059840,010,800059840,167.41,US Dollar,167.41,US Dollar,Cheque,0
2022/09/01 00:10,010,800059840,010,800059840,401.34,US Dollar,401.34,US Dollar,Cash,0
2022/09/01 00:03,001,800059C00,001,800059C00,212976.70,US Dollar,212976.70,US Dollar,Reinvestment,0
2022/09/01 00:29,010,800059F50,010,800059F50,86837.10,US Dollar,86837.10,US Dollar,Reinvestment,0
2022/09/01 00:25,070,100428660,010,800059F50,5105.92,US Dollar,5105.92,US Dollar,Cheque,0
2022/09/01 00:13,012,80005A2A0,012,80005A2A0,261681.48,US Dollar,261681.48,US Dollar,Reinvestment,0
2022/09/01 00:08,012,800055A70,012,800055A70,497338.05,US Dollar,497338.05,US Dollar,Reinvestment,0
2022/09/01 00:18,001,80005AB30,001,80005AB30,8.96,US Dollar,8.96,US Dollar,Reinvestment,0
2022/09/01 00:10,010,80005ADE0,010,80005ADE0,16314.97,US Dollar,16314.97,US Dollar,Reinvestment,0
2022/09/01 00:23,010,80005B110,010,80005B110,18.48,US Dollar,18.48,US Dollar,Reinvestment,0
2022/09/01 00:01,012,80005B5F0,012,80005B5F0,24.37,US Dollar,24.37,US Dollar,Reinvestment,0
2022/09/01 00:27,001,80005B9B0,001,80005B9B0,38143.57,US Dollar,38143.57,US Dollar,Reinvestment,0
2022/09/01 00:20,001,80005C0A0,001,80005C0A0,4735.15,US Dollar,4735.15,US Dollar,Reinvestment,0
2022/09/01 00:09,001,80005C790,001,80005C790,23.06,US Dollar,23.06,US Dollar,Reinvestment,0
2022/09/01 00:25,010,8000588D0,010,8000588D0,10.32,US Dollar,10.32,US Dollar,Reinvestment,0
2022/09/01 00:13,010,80005AD90,010,80005AD90,22.13,US Dollar,22.13,US Dollar,Reinvestment,0
2022/09/01 00:20,012,80005D3B0,012,80005D3B0,146758.59,US Dollar,146758.59,US Dollar,Reinvestment,0
2022/09/01 00:19,010,80005D980,010,80005D980,93309.02,US Dollar,93309.02,US Dollar,Reinvestment,0
2022/09/01 00:05,010,80005E100,010,80005E100,184.24,US Dollar,184.24,US Dollar,Cheque,0
2022/09/01 00:24,010,80005E100,010,80005E100,36.56,US Dollar,36.56,US Dollar,Cash,0
2022/09/01 00:08,012,80005E9C0,012,80005E9C0,172667.53,US Dollar,172667.53,US Dollar,Reinvestment,0
2022/09/01 00:17,001,8000EBF70,001,8000EBF70,30022.76,US Dollar,30022.76,US Dollar,Reinvestment,0
2022/09/01 00:02,001,80005AB30,001,8000EBF70,310.47,US Dollar,310.47,US Dollar,Cheque,0
2022/09/01 00:10,001,8000ECD10,001,8000ECD10,10227.22,US Dollar,10227.22,US Dollar,Reinvestment,0
2022/09/01 00:08,001,8000ECD60,001,8000ECD60,462.12,US Dollar,462.12,US Dollar,Reinvestment,0
2022/09/01 00:11,010,8000ED4A0,010,8000ED4A0,436.68,US Dollar,436.68,US Dollar,Reinvestment,0
2022/09/01 00:29,012,8000ED150,012,8000ED150,9.82,US Dollar,9.82,US Dollar,Reinvestment,0
2022/09/01 00:23,001,8000EDBB0,001,8000EDBB0,30261.56,US Dollar,30261.56,US Dollar,Reinvestment,0
2022/09/01 00:13,001,8000EDBB0,001,8000EDBB0,14.62,US Dollar,14.62,US Dollar,Reinvestment,0
2022/09/01 00:16,010,8000F2A20,010,8000F2A20,19.29,US Dollar,19.29,US Dollar,Reinvestment,0
2022/09/01 00:29,010,8000F15A0,010,8000F15A0,72043.32,US Dollar,72043.32,US Dollar,Reinvestment,0
2022/09/01 00:28,001,800059440,001,800059440,13.94,US Dollar,13.94,US Dollar,Reinvestment,0
2022/09/01 00:20,012,8000F42A0,012,8000F42A0,524928.98,US Dollar,524928.98,US Dollar,Reinvestment,0
2022/09/01 00:28,001,8000F4D20,001,8000F4D20,55925.32,US Dollar,55925.32,US Dollar,Reinvestment,0
2022/09/01 00:24,001,8000F6110,001,8000F6110,14609.34,US Dollar,14609.34,US Dollar,Reinvestment,0
2022/09/01 00:00,010,8000F6850,010,8000F6850,99986.94,US Dollar,99986.94,US Dollar,Reinvestment,0
2022/09/01 00:27,001,8000F6B10,001,8000F6B10,1033.32,US Dollar,1033.32,US Dollar,Reinvestment,0
2022/09/01 00:01,001,8000F65C0,001,8000F65C0,10.46,US Dollar,10.46,US Dollar,Reinvestment,0
2022/09/01 00:03,001,8000F7850,001,8000F7850,8.55,US Dollar,8.55,US Dollar,Reinvestment,0
2022/09/01 00:29,010,80005CB50,010,8000F8070,562.30,US Dollar,562.30,US Dollar,Cheque,0
2022/09/01 00:07,010,80005CB50,010,8000F8070,1314.94,US Dollar,1314.94,US Dollar,ACH,0
2022/09/01 00:04,012,8000F8580,012,8000F8580,29117.33,US Dollar,29117.33,US Dollar,Reinvestment,0
2022/09/01 00:01,001,8000F8620,001,8000F8620,1383.60,US Dollar,1383.60,US Dollar,Reinvestment,0
2022/09/01 00:06,010,80005D160,010,80005D160,894762.11,US Dollar,894762.11,US Dollar,Reinvestment,0
2022/09/01 00:16,001,8000F7850,001,8001003A0,1544.01,US Dollar,1544.01,US Dollar,Cheque,0
2022/09/01 00:20,001,8000F7850,001,8001003A0,300.44,US Dollar,300.44,US Dollar,Cash,0
2022/09/01 00:01,001,8001003A0,001,8001003A0,10.35,US Dollar,10.35,US Dollar,Reinvestment,0
2022/09/01 00:12,012,800056E00,012,800056E00,139575.29,US Dollar,139575.29,US Dollar,Reinvestment,0
2022/09/01 00:13,010,800102DD0,028255,809AEB890,46.87,US Dollar,46.87,US Dollar,Credit Card,0
2022/09/01 00:06,010,800105730,010,800105730,261455.31,US Dollar,261455.31,US Dollar,Reinvestment,0
2022/09/01 00:08,010,800105D30,010,800105D30,1021418.64,US Dollar,1021418.64,US Dollar,Reinvestment,0
2022/09/01 00:08,010,800105D30,012,800105F00,236392988.00,US Dollar,236392988.00,US Dollar,Cheque,0
2022/09/01 00:15,010,800105D30,010,800105D30,19.80,US Dollar,19.80,US Dollar,Reinvestment,0
2022/09/01 00:09,012,800105F00,0015085,808D68320,19.42,US Dollar,19.42,US Dollar,Credit Card,0
2022/09/01 00:07,012,8001068A0,012,8001068A0,15.45,US Dollar,15.45,US Dollar,Reinvestment,0
2022/09/01 00:08,012,800106D00,012,800106D00,1611778.05,US Dollar,1611778.05,US Dollar,Reinvestment,0
2022/09/01 00:27,03233,800106D50,012,800106D00,1384.46,US Dollar,1384.46,US Dollar,ACH,0
2022/09/01 00:22,001,8001093C0,001,8001093C0,29557.26,US Dollar,29557.26,US Dollar,Reinvestment,0
2022/09/01 00:08,001,8001093C0,001,8001093C0,3.35,US Dollar,3.35,US Dollar,Reinvestment,0
2022/09/01 00:22,010,80010A2C0,010,80010A2C0,10794795.38,US Dollar,10794795.38,US Dollar,Reinvestment,0
2022/09/01 00:12,010,80010A750,010,80010A750,6.67,US Dollar,6.67,US Dollar,Reinvestment,0
2022/09/01 00:24,010,80010B040,010,80010B040,5.40,US Dollar,5.40,US Dollar,Reinvestment,0
2022/09/01 00:19,00220,80010C2F0,00220,80010C2F0,921588.24,US Dollar,921588.24,US Dollar,Reinvestment,0
2022/09/01 00:09,012,80010C340,012,80010C340,13774.90,US Dollar,13774.90,US Dollar,Reinvestment,0
2022/09/01 00:15,00220,80010C2F0,00220,80010C2F0,19.99,US Dollar,19.99,US Dollar,Reinvestment,0
2022/09/01 00:20,012,80010C340,012,80010C340,14.32,US Dollar,14.32,US Dollar,Reinvestment,0
2022/09/01 00:27,001,800056160,010,80010BFC0,22443.26,US Dollar,22443.26,US Dollar,Cheque,0
2022/09/01 00:02,001,800056160,010,80010BFC0,19821.49,US Dollar,19821.49,US Dollar,ACH,0
2022/09/01 00:04,001,80010C060,001,80010C060,21.90,US Dollar,21.90,US Dollar,Reinvestment,0
2022/09/01 00:16,010,80010C0B0,010,80010C0B0,20.89,US Dollar,20.89,US Dollar,Reinvestment,0
2022/09/01 00:27,010,80010BBD0,010,80010BBD0,187136.50,US Dollar,187136.50,US Dollar,Reinvestment,0
2022/09/01 00:04,03211,80010BD10,03211,80010BD10,10269.35,US Dollar,10269.35,US Dollar,Reinvestment,0
2022/09/01 00:27,010,80005CF10,010,80005CF10,140736.98,US Dollar,140736.98,US Dollar,Reinvestment,0
2022/09/01 00:28,001,80010F690,001,80010F690,6.93,US Dollar,6.93,US Dollar,Reinvestment,0
2022/09/01 00:27,012,80010F6E0,008595,8123576A0,39.77,US Dollar,39.77,US Dollar,Credit Card,0
2022/09/01 00:02,03246,800110820,03246,800110820,17871.79,US Dollar,17871.79,US Dollar,Reinvestment,0
2022/09/01 00:18,001,80010DEA0,001,80010DEA0,22.80,US Dollar,22.80,US Dollar,Reinvestment,0
2022/09/01 00:08,001,800111C30,001,800111C30,10.95,US Dollar,10.95,US Dollar,Reinvestment,0
2022/09/01 00:06,012,800108290,012,800108290,6648.19,US Dollar,6648.19,US Dollar,Reinvestment,0
2022/09/01 00:04,001,8001082E0,001,8001082E0,9690.68,US Dollar,9690.68,US Dollar,Reinvestment,0
2022/09/01 00:08,00220,800111750,00220,800111750,1372.15,US Dollar,1372.15,US Dollar,Reinvestment,0
2022/09/01 00:10,00220,800111970,00220,800111970,2328.95,US Dollar,2328.95,US Dollar,Reinvestment,0
2022/09/01 00:06,00220,800109DF0,0125906,80C2598A0,51.68,US Dollar,51.68,US Dollar,Credit Card,0
2022/09/01 00:29,001,8000EEF40,001,8000EEF40,9.09,US Dollar,9.09,US Dollar,Reinvestment,0
2022/09/01 00:12,001,8001117A0,001,8001117A0,10.36,US Dollar,10.36,US Dollar,Reinvestment,0
2022/09/01 00:07,00220,800111970,00220,800111970,14.28,US Dollar,14.28,US Dollar,Reinvestment,0
2022/09/01 00:05,012,800113FE0,012,800113FE0,102785.36,US Dollar,102785.36,US Dollar,Reinvestment,0
2022/09/01 00:01,012,800113FE0,012,800113FE0,16.23,US Dollar,16.23,US Dollar,Reinvestment,0
2022/09/01 00:18,001,8001142C0,001,8001142C0,8862.59,US Dollar,8862.59,US Dollar,Reinvestment,0
2022/09/01 00:12,012,80010F6E0,010,800113DC0,7103.39,US Dollar,7103.39,US Dollar,Cheque,0
2022/09/01 00:05,012,80010F6E0,010,800113DC0,342.34,US Dollar,342.34,US Dollar,Credit Card,0
2022/09/01 00:22,010,80005E380,010,8001146D0,6950.29,US Dollar,6950.29,US Dollar,Cheque,0
2022/09/01 00:02,010,80005E380,010,8001146D0,5477.99,US Dollar,5477.99,US Dollar,ACH,0
2022/09/01 00:11,010,800059840,001,800115570,199.59,US Dollar,199.59,US Dollar,Cheque,0
2022/09/01 00:07,010,800059840,001,800115570,330.13,US Dollar,330.13,US Dollar,Credit Card,0
2022/09/01 00:00,012,8001167D0,012,8001167D0,16.08,US Dollar,16.08,US Dollar,Reinvestment,0
2022/09/01 00:13,001,800042CB0,012,800117590,1037.24,US Dollar,1037.24,US Dollar,Cheque,0
2022/09/01 00:20,001,800042CB0,012,800117590,1367.69,US Dollar,1367.69,US Dollar,Credit Card,0
2022/09/01 00:28,00220,800115860,00220,800115860,3.53,US Dollar,3.53,US Dollar,Reinvestment,0
2022/09/01 00:25,012,8001193D0,012,8001193D0,215823.43,US Dollar,215823.43,US Dollar,Reinvestment,0
2022/09/01 00:24,010,800119810,010,800119810,23.94,US Dollar,23.94,US Dollar,Reinvestment,0
2022/09/01 00:06,00220,800119BA0,00220,800119BA0,484747.77,US Dollar,484747.77,US Dollar,Reinvestment,0
2022/09/01 00:27,010,80011AE70,010,80011AE70,9.85,US Dollar,9.85,US Dollar,Reinvestment,0
2022/09/01 00:06,001,80011B810,001,80011B810,24545.63,US Dollar,24545.63,US Dollar,Reinvestment,0
2022/09/01 00:22,001,80011A2A0,00220,80011D000,40167.80,US Dollar,40167.80,US Dollar,Cheque,0
2022/09/01 00:17,001,80011A2A0,00220,80011D000,27443.73,US Dollar,27443.73,US Dollar,Credit Card,0
2022/09/01 00:02,001,80011A2A0,00220,80011D000,27374.91,US Dollar,27374.91,US Dollar,Cash,0
2022/09/01 00:27,010,80011CFB0,010,80011CFB0,23.08,US Dollar,23.08,US Dollar,Reinvestment,0
2022/09/01 00:22,00220,80011D000,00220,80011D000,4.76,US Dollar,4.76,US Dollar,Reinvestment,0
2022/09/01 00:26,010,80011BC60,010,80011BC60,257163.87,US Dollar,257163.87,US Dollar,Reinvestment,0
2022/09/01 00:01,001,80011BD50,001,80011BD50,1214.87,US Dollar,1214.87,US Dollar,Reinvestment,0
2022/09/01 00:18,010,80011BDF0,010,80011BDF0,86684.05,US Dollar,86684.05,US Dollar,Reinvestment,0
2022/09/01 00:27,00220,8001195D0,00220,8001195D0,1741.40,US Dollar,1741.40,US Dollar,Reinvestment,0
2022/09/01 00:22,012,80011B620,012,80011B620,11142.82,US Dollar,11142.82,US Dollar,Reinvestment,0
2022/09/01 00:22,010,80011DC60,010,80011DC60,940.02,US Dollar,940.02,US Dollar,Reinvestment,0
2022/09/01 00:14,010,80010B900,010,80011DA80,9655.21,US Dollar,9655.21,US Dollar,Cheque,0
2022/09/01 00:27,010,80010B900,010,80011DA80,2091.36,US Dollar,2091.36,US Dollar,Credit Card,0
2022/09/01 00:23,010,800119190,010,800119190,15.20,US Dollar,15.20,US Dollar,Reinvestment,0
2022/09/01 00:19,010,800126360,010,800126360,14.99,US Dollar,14.99,US Dollar,Reinvestment,0
2022/09/01 00:06,010,800126770,010,800126770,187.64,US Dollar,187.64,US Dollar,Reinvestment,0
2022/09/01 00:18,001,800126170,001,800126170,4.94,US Dollar,4.94,US Dollar,Reinvestment,0
2022/09/01 00:08,010,800118A80,010,800118A80,1956137.77,US Dollar,1956137.77,US Dollar,Reinvestment,0
2022/09/01 00:06,010,800118A80,010,800118A80,4.96,US Dollar,4.96,US Dollar,Reinvestment,0
2022/09/01 00:21,010,800127800,010,800127800,4455.49,US Dollar,4455.49,US Dollar,Reinvestment,0
2022/09/01 00:25,010,800128000,010,800128000,504728.24,US Dollar,504728.24,US Dollar,Reinvestment,0
2022/09/01 00:24,010,800118D50,010,800128000,2191.47,US Dollar,2191.47,US Dollar,Cheque,0
2022/09/01 00:15,010,800118D50,010,800128000,10322.13,US Dollar,10322.13,US Dollar,Wire,0
2022/09/01 00:22,001,800128AC0,001,800128AC0,22.90,US Dollar,22.90,US Dollar,Reinvestment,0
2022/09/01 00:04,010,800113F90,010,8001294B0,72229.49,US Dollar,72229.49,US Dollar,Cheque,0
2022/09/01 00:12,001,8000F8AB0,001,8000F8AB0,1246.15,US Dollar,1246.15,US Dollar,Reinvestment,0
2022/09/01 00:13,03232,800106580,03232,800106580,765.86,US Dollar,765.86,US Dollar,Reinvestment,0
2022/09/01 00:22,010,800113BF0,010,800113BF0,4475.23,US Dollar,4475.23,US Dollar,Reinvestment,0
2022/09/01 00:10,00220,800129220,00220,800129220,1421.08,US Dollar,1421.08,US Dollar,Reinvestment,0
2022/09/01 00:18,010,8000F89F0,010,8001AA710,138.32,US Dollar,138.32,US Dollar,Credit Card,0
2022/09/01 00:03,001,8000F8AB0,001,8000F8AB0,17.05,US Dollar,17.05,US Dollar,Reinvestment,0
2022/09/01 00:23,00220,80010C2F0,012,80012A760,24158800.08,US Dollar,24158800.08,US Dollar,Cheque,0
2022/09/01 00:13,00220,80010C2F0,012,80012A760,7104381.90,US Dollar,7104381.90,US Dollar,Cash,0
2022/09/01 00:28,012,80012A760,012,80012A760,3.57,US Dollar,3.57,US Dollar,Reinvestment,0
2022/09/01 00:10,001,800128AC0,010,80012AB70,10770.88,US Dollar,10770.88,US Dollar,Cheque,0
2022/09/01 00:22,001,800128AC0,010,80012AB70,24756.10,US Dollar,24756.10,US Dollar,Credit Card,0
2022/09/01 00:12,001,800128AC0,010,80012AB70,1775.39,US Dollar,1775.39,US Dollar,Cash,0
2022/09/01 00:02,001,800128AC0,010,80012AB70,773.43,US Dollar,773.43,US Dollar,ACH,0
2022/09/01 00:27,001,800128AC0,010,80012AB70,1117.40,US Dollar,1117.40,US Dollar,Wire,0
2022/09/01 00:05,00220,80012A570,00220,80012A570,4.98,US Dollar,4.98,US Dollar,Reinvestment,0
2022/09/01 00:05,001,800131650,001,800131650,349944.06,US Dollar,349944.06,US Dollar,Reinvestment,0
2022/09/01 00:27,00220,8001316A0,00220,8001316A0,19.83,US Dollar,19.83,US Dollar,Reinvestment,0
2022/09/01 00:11,012,800132EC0,012,800132EC0,7.96,US Dollar,7.96,US Dollar,Reinvestment,0
2022/09/01 00:01,012,800132080,012,800132080,305086.45,US Dollar,305086.45,US Dollar,Reinvestment,0
2022/09/01 00:14,012,800132990,012,800132990,11591.60,US Dollar,11591.60,US Dollar,Reinvestment,0
2022/09/01 00:07,012,800043C00,012,800132080,8612.46,US Dollar,8612.46,US Dollar,Cheque,0
2022/09/01 00:14,012,800043C00,012,800132080,4557.73,US Dollar,4557.73,US Dollar,Cash,0
2022/09/01 00:09,001,800134D30,001,800134D30,169103.95,US Dollar,169103.95,US Dollar,Reinvestment,0
2022/09/01 00:05,00220,800135370,00220,800135370,33878.54,US Dollar,33878.54,US Dollar,Reinvestment,0
2022/09/01 00:22,00220,800135370,00220,800135370,3.65,US Dollar,3.65,US Dollar,Reinvestment,0
2022/09/01 00:15,00220,8001357A0,00220,8001357A0,696724.12,US Dollar,696724.12,US Dollar,Reinvestment,0
2022/09/01 00:08,00220,80011D000,00220,8001357F0,43291.48,US Dollar,43291.48,US Dollar,Cheque,0
2022/09/01 00:19,00220,8001357F0,00220,8001357F0,7.74,US Dollar,7.74,US Dollar,Reinvestment,0
2022/09/01 00:03,012,800135E30,012,800135E30,7.20,US Dollar,7.20,US Dollar,Reinvestment,0
2022/09/01 00:00,001,8001364A0,001,8001364A0,10.30,US Dollar,10.30,US Dollar,Reinvestment,0
2022/09/01 00:16,010,800137EF0,010,800137EF0,20.16,US Dollar,20.16,US Dollar,Reinvestment,0
2022/09/01 00:05,010,800137A80,010,800137A80,6089.46,US Dollar,6089.46,US Dollar,Reinvestment,0
2022/09/01 00:21,012,800137450,012,800137450,15.52,US Dollar,15.52,US Dollar,Reinvestment,0
2022/09/01 00:22,00220,8001370E0,00220,8001370E0,18.20,US Dollar,18.20,US Dollar,Reinvestment,0
2022/09/01 00:12,001,800139380,001,800139380,538664.08,US Dollar,538664.08,US Dollar,Reinvestment,0
2022/09/01 00:00,001,800139380,001,800139380,18.51,US Dollar,18.51,US Dollar,Reinvestment,0
2022/09/01 00:06,03246,80013C320,03246,80013C320,79.96,US Dollar,79.96,US Dollar,Reinvestment,0
2022/09/01 00:24,012,80013C0F0,012,80013C0F0,4.84,US Dollar,4.84,US Dollar,Reinvestment,0
2022/09/01 00:24,001,8001142C0,00220,800102D10,87560.09,US Dollar,87560.09,US Dollar,Cheque,0
2022/09/01 00:15,001,8001142C0,00220,800102D10,14473.03,US Dollar,14473.03,US Dollar,Credit Card,0
2022/09/01 00:12,001,8001142C0,00220,800102D10,22116.57,US Dollar,22116.57,US Dollar,Cash,0
2022/09/01 00:04,001,8001142C0,00220,800102D10,25159.40,US Dollar,25159.40,US Dollar,ACH,0
2022/09/01 00:14,00220,800102D10,00220,800102D10,21.84,US Dollar,21.84,US Dollar,Reinvestment,0
2022/09/01 00:05,00220,80013D570,00220,80013D570,203011.23,US Dollar,203011.23,US Dollar,Reinvestment,0
2022/09/01 00:16,00220,80013E150,00220,80013E150,383708.11,US Dollar,383708.11,US Dollar,Reinvestment,0
2022/09/01 00:07,001,80005C050,00220,80013E150,4821.72,US Dollar,4821.72,US Dollar,Cheque,0
2022/09/01 00:28,001,80005C050,00220,80013E150,3256.52,US Dollar,3256.52,US Dollar,Credit Card,0
2022/09/01 00:27,012,800043C00,001,8001409E0,19722.05,US Dollar,19722.05,US Dollar,Cheque,0
2022/09/01 00:18,012,800043C00,001,8001409E0,543.08,US Dollar,543.08,US Dollar,Cash,0
2022/09/01 00:16,070,100428660,00220,800132390,15509630.09,US Dollar,15509630.09,US Dollar,Cheque,0
2022/09/01 00:01,070,100428660,00220,800132390,18722.79,US Dollar,18722.79,US Dollar,Credit Card,0
2022/09/01 00:03,070,100428660,00220,800132390,19780972.52,US Dollar,19780972.52,US Dollar,Cash,0
2022/09/01 00:00,00220,800132390,00220,800132390,19.23,US Dollar,19.23,US Dollar,Reinvestment,0
2022/09/01 00:26,010,800144AE0,010,800144AE0,171777.74,US Dollar,171777.74,US Dollar,Reinvestment,0
2022/09/01 00:05,001,800143B00,001,800143B00,2327827.61,US Dollar,2327827.61,US Dollar,Reinvestment,0
2022/09/01 00:02,001,8001448A0,001,8001448A0,8.09,US Dollar,8.09,US Dollar,Reinvestment,0
2022/09/01 00:24,010,8001074F0,012,800145390,10941283.39,US Dollar,10941283.39,US Dollar,Cheque,0
2022/09/01 00:17,010,8001074F0,012,800145390,5513602.04,US Dollar,5513602.04,US Dollar,Cash,0
2022/09/01 00:29,010,8001074F0,012,800145390,2404240.77,US Dollar,2404240.77,US Dollar,ACH,0
2022/09/01 00:23,010,8001074F0,012,800145390,2055890.50,US Dollar,2055890.50,US Dollar,Wire,0
2022/09/01 00:03,012,800145390,012,800145390,21.08,US Dollar,21.08,US Dollar,Reinvestment,0
2022/09/01 00:07,001,8000EBF70,012,8001473E0,2781.93,US Dollar,2781.93,US Dollar,Cheque,0
2022/09/01 00:22,001,8000EBF70,012,8001473E0,7370.59,US Dollar,7370.59,US Dollar,Cash,0
2022/09/01 00:27,012,8001473E0,012,8001473E0,20.31,US Dollar,20.31,US Dollar,Reinvestment,0
2022/09/01 00:23,001,8001488C0,001,8001488C0,129628.74,US Dollar,129628.74,US Dollar,Reinvestment,0
2022/09/01 00:06,001,800107BD0,001,8001488C0,40074.51,US Dollar,40074.51,US Dollar,Cheque,0
2022/09/01 00:29,001,800107BD0,001,8001488C0,449.68,US Dollar,449.68,US Dollar,ACH,0
2022/09/01 00:14,001,800148D00,001,800148D00,3.74,US Dollar,3.74,US Dollar,Reinvestment,0
2022/09/01 00:00,001,8001495E0,001,8001495E0,19227.79,US Dollar,19227.79,US Dollar,Reinvestment,0
2022/09/01 00:13,001,800149630,001,800149630,164722.64,US Dollar,164722.64,US Dollar,Reinvestment,0
2022/09/01 00:19,001,800149630,001,800149630,3.52,US Dollar,3.52,US Dollar,Reinvestment,0
2022/09/01 00:20,012,800149FB0,012,800149FB0,411423.16,US Dollar,411423.16,US Dollar,Reinvestment,0
2022/09/01 00:11,010,80014B530,010,80014B530,72055.51,US Dollar,72055.51,US Dollar,Reinvestment,0
2022/09/01 00:24,010,80014B530,010,80014B530,11.68,US Dollar,11.68,US Dollar,Reinvestment,0
2022/09/01 00:18,03241,80014B200,00220,80014BCF0,0.01,US Dollar,0.01,US Dollar,Cheque,0
2022/09/01 00:06,010,80014BB10,010,80014BB10,2352.00,US Dollar,2352.00,US Dollar,Reinvestment,0
2022/09/01 00:29,03211,80014BC00,001,80014BA70,146.08,US Dollar,146.08,US Dollar,Cheque,0
2022/09/01 00:17,001,80014BA70,001,80014BA70,3.36,US Dollar,3.36,US Dollar,Reinvestment,0
2022/09/01 00:21,010,80014E010,010,80014E010,22.12,US Dollar,22.12,US Dollar,Reinvestment,0
2022/09/01 00:21,010,80014F470,001,80014F510,567647250.74,US Dollar,567647250.74,US Dollar,ACH,0
2022/09/01 00:09,001,80014FAA0,001,80014FAA0,5231.67,US Dollar,5231.67,US Dollar,Reinvestment,0
2022/09/01 00:25,010,80014F470,010,80014F470,16.81,US Dollar,16.81,US Dollar,Reinvestment,0
2022/09/01 00:08,001,80014F510,002952,801A199F0,188.12,US Dollar,188.12,US Dollar,Credit Card,0
2022/09/01 00:20,010,8001504B0,010,8001504B0,2525.37,US Dollar,2525.37,US Dollar,Reinvestment,0
2022/09/01 00:18,012,800150F20,012,800150F20,374631.74,US Dollar,374631.74,US Dollar,Reinvestment,0
2022/09/01 00:04,001,8001514E0,001,8001514E0,17.54,US Dollar,17.54,US Dollar,Reinvestment,0
2022/09/01 00:13,010,8001523C0,010,8001523C0,68408.35,US Dollar,68408.35,US Dollar,Reinvestment,0
2022/09/01 00:11,010,8001523C0,010,8001523C0,3.64,US Dollar,3.64,US Dollar,Reinvestment,0
2022/09/01 00:23,001,8001111F0,001,8001111F0,3666.32,US Dollar,3666.32,US Dollar,Reinvestment,0
2022/09/01 00:12,012,800145390,012,800110F70,367.52,US Dollar,367.52,US Dollar,Cheque,0
2022/09/01 00:01,012,800145390,012,800110F70,97.56,US Dollar,97.56,US Dollar,Credit Card,0
2022/09/01 00:08,012,800145390,012,800110F70,9.38,US Dollar,9.38,US Dollar,ACH,0
2022/09/01 00:13,012,800145390,012,800110F70,10.84,US Dollar,10.84,US Dollar,Wire,0
2022/09/01 00:13,001,8001547E0,001,8001547E0,11720047.52,US Dollar,11720047.52,US Dollar,Reinvestment,0
2022/09/01 00:19,001,8001545F0,001,8001545F0,185601.82,US Dollar,185601.82,US Dollar,Reinvestment,0
2022/09/01 00:20,012,800154500,012,800154500,6.89,US Dollar,6.89,US Dollar,Reinvestment,0
2022/09/01 00:21,001,8001545F0,001,8001545F0,10.75,US Dollar,10.75,US Dollar,Reinvestment,0
2022/09/01 00:23,001,800155BB0,001,800155BB0,22.58,US Dollar,22.58,US Dollar,Reinvestment,0
2022/09/01 00:17,010,8001551C0,010,8001551C0,1009893.58,US Dollar,1009893.58,US Dollar,Reinvestment,0
2022/09/01 00:06,001,8001580D0,001,8001580D0,121867.33,US Dollar,121867.33,US Dollar,Reinvestment,0
2022/09/01 00:09,03284,800158170,03284,800158170,1834.06,US Dollar,1834.06,US Dollar,Reinvestment,0
2022/09/01 00:19,010,800102DD0,001,8001580D0,28183.98,US Dollar,28183.98,US Dollar,Cheque,0
2022/09/01 00:28,001,8001580D0,001,8001580D0,19.24,US Dollar,19.24,US Dollar,Reinvestment,0
2022/09/01 00:09,00220,800154160,00220,800154160,8026.78,US Dollar,8026.78,US Dollar,Reinvestment,0
2022/09/01 00:00,03292,8001541B0,03292,8001541B0,3776.79,US Dollar,3776.79,US Dollar,Reinvestment,0
2022/09/01 00:20,03208,800156AF0,010,800156890,0.01,US Dollar,0.01,US Dollar,Cheque,0
2022/09/01 00:15,03274,800156B90,03274,800156B90,243.21,US Dollar,243.21,US Dollar,Reinvestment,0
2022/09/01 00:17,001,8001578F0,001,8001578F0,1738.67,US Dollar,1738.67,US Dollar,Reinvestment,0
2022/09/01 00:12,00220,800157940,00220,800157940,1842.62,US Dollar,1842.62,US Dollar,Reinvestment,0
2022/09/01 00:27,03293,800157BC0,03293,800157BC0,85.18,US Dollar,85.18,US Dollar,Reinvestment,0
2022/09/01 00:20,012,800157DF0,012,800157DF0,6732.91,US Dollar,6732.91,US Dollar,Reinvestment,0
2022/09/01 00:00,03211,8001583E0,03211,8001583E0,400.56,US Dollar,400.56,US Dollar,Reinvestment,0
2022/09/01 00:27,00220,800154160,00220,800154160,16.30,US Dollar,16.30,US Dollar,Reinvestment,0
2022/09/01 00:15,010,800156890,010,800156890,16.57,US Dollar,16.57,US Dollar,Reinvestment,0
2022/09/01 00:13,00220,800156930,028771,8034DB440,5.11,US Dollar,5.11,US Dollar,Credit Card,0
2022/09/01 00:02,001,800157300,001,800157300,16.29,US Dollar,16.29,US Dollar,Reinvestment,0
2022/09/01 00:19,001,80013EDF0,001,80013EDF0,904.08,US Dollar,904.08,US Dollar,Reinvestment,0
2022/09/01 00:14,001,800108220,001,800108220,6712.98,US Dollar,6712.98,US Dollar,Reinvestment,0
2022/09/01 00:14,012,800140D90,012,800140D90,31419.78,US Dollar,31419.78,US Dollar,Reinvestment,0
2022/09/01 00:21,03278,800141010,03278,800141010,1440.76,US Dollar,1440.76,US Dollar,Reinvestment,0
2022/09/01 00:08,03246,8000E79C0,03246,8000E79C0,3162.64,US Dollar,3162.64,US Dollar,Reinvestment,0
2022/09/01 00:14,03264,800144F70,03264,800144F70,220.89,US Dollar,220.89,US Dollar,Reinvestment,0
2022/09/01 00:17,010,800145800,010,800145800,18044.81,US Dollar,18044.81,US Dollar,Reinvestment,0
2022/09/01 00:01,00220,800145A20,00220,800145A20,33877.87,US Dollar,33877.87,US Dollar,Reinvestment,0
2022/09/01 00:02,03241,800145C30,010,8001521D0,0.01,US Dollar,0.01,US Dollar,Cheque,0
2022/09/01 00:19,03211,800146750,03211,800146750,10918.14,US Dollar,10918.14,US Dollar,Reinvestment,0
2022/09/01 00:00,03284,800146EE0,03284,800146EE0,12971.84,US Dollar,12971.84,US Dollar,Reinvestment,0
2022/09/01 00:13,00220,800147790,00220,800147790,1132.34,US Dollar,1132.34,US Dollar,Reinvestment,0
2022/09/01 00:14,010,800147830,010,800147830,43539.08,US Dollar,43539.08,US Dollar,Reinvestment,0
2022/09/01 00:25,012,800147C30,012,800147C30,52709.17,US Dollar,52709.17,US Dollar,Reinvestment,0
2022/09/01 00:25,03264,800147C80,03264,800147C80,3818.77,US Dollar,3818.77,US Dollar,Reinvestment,0
2022/09/01 00:03,010,8001490D0,010,8001490D0,5348.81,US Dollar,5348.81,US Dollar,Reinvestment,0
2022/09/01 00:20,03206,800149170,03206,800149170,333.52,US Dollar,333.52,US Dollar,Reinvestment,0
2022/09/01 00:16,001,800149350,001,800149350,11074.99,US Dollar,11074.99,US Dollar,Reinvestment,0
2022/09/01 00:15,00220,80014A8C0,00220,80014A8C0,6145.15,US Dollar,6145.15,US Dollar,Reinvestment,0
2022/09/01 00:16,010,80014D160,010,80014D160,31130.34,US Dollar,31130.34,US Dollar,Reinvestment,0
2022/09/01 00:06,010,80014E8B0,010,80014E8B0,336.81,US Dollar,336.81,US Dollar,Reinvestment,0
2022/09/01 00:00,010,80014FFE0,010,80014FFE0,47733.33,US Dollar,47733.33,US Dollar,Reinvestment,0
2022/09/01 00:15,010,8001501C0,010,8001501C0,84159.63,US Dollar,84159.63,US Dollar,Reinvestment,0
2022/09/01 00:20,001,800150BF0,001,800150BF0,38322.50,US Dollar,38322.50,US Dollar,Reinvestment,0
2022/09/01 00:18,001,800150C90,001,800150C90,24177.63,US Dollar,24177.63,US Dollar,Reinvestment,0
2022/09/01 00:25,010,8001520E0,010,8001520E0,20028.72,US Dollar,20028.72,US Dollar,Reinvestment,0
2022/09/01 00:19,010,800111330,010,800111330,13283.45,US Dollar,13283.45,US Dollar,Reinvestment,0
2022/09/01 00:21,001,8001409E0,010,80014D160,24511.74,US Dollar,24511.74,US Dollar,Cheque,0
2022/09/01 00:27,001,8001409E0,010,80014D160,8120.74,US Dollar,8120.74,US Dollar,Credit Card,0
2022/09/01 00:24,001,8001409E0,010,80014D160,4274.46,US Dollar,4274.46,US Dollar,Cash,0
2022/09/01 00:22,001,8001409E0,010,80014D160,89.89,US Dollar,89.89,US Dollar,ACH,0
2022/09/01 00:11,012,80013DF00,012,80013DF00,10.49,US Dollar,10.49,US Dollar,Reinvestment,0
2022/09/01 00:02,010,80013E960,010,80013E960,20.09,US Dollar,20.09,US Dollar,Reinvestment,0
2022/09/01 00:07,00220,80013EE90,00220,80013EE90,15.58,US Dollar,15.58,US Dollar,Reinvestment,0
2022/09/01 00:13,012,800140D90,012,800140D90,14.78,US Dollar,14.78,US Dollar,Reinvestment,0
2022/09/01 00:04,010,800145AC0,0011642,80DF8D850,2.79,US Dollar,2.79,US Dollar,Credit Card,0
2022/09/01 00:26,00220,800147790,00220,800147790,5.09,US Dollar,5.09,US Dollar,Reinvestment,0
2022/09/01 00:08,001,800147880,028771,8087881E0,9.43,US Dollar,9.43,US Dollar,Credit Card,0
2022/09/01 00:28,00220,800149210,0227786,813188F60,30.21,US Dollar,30.21,US Dollar,Credit Card,0
2022/09/01 00:17,010,80014E900,010,80014E900,23.70,US Dollar,23.70,US Dollar,Reinvestment,0
2022/09/01 00:06,012,80014EAE0,012,80014EAE0,20.60,US Dollar,20.60,US Dollar,Reinvestment,0
2022/09/01 00:16,001,800150BF0,001,800150BF0,18.14,US Dollar,18.14,US Dollar,Reinvestment,0
2022/09/01 00:17,00220,8001511C0,00220,8001511C0,22.42,US Dollar,22.42,US Dollar,Reinvestment,0
2022/09/01 00:11,010,800151260,010,800151260,11.90,US Dollar,11.90,US Dollar,Reinvestment,0
2022/09/01 00:11,010,800151E60,010,800151E60,22.86,US Dollar,22.86,US Dollar,Reinvestment,0
2022/09/01 00:16,010,800110D50,010,800110D50,18.23,US Dollar,18.23,US Dollar,Reinvestment,0
2022/09/01 00:21,010,800111330,010,800111330,7.49,US Dollar,7.49,US Dollar,Reinvestment,0
2022/09/01 00:04,001,800153B10,001,800153B10,16.42,US Dollar,16.42,US Dollar,Reinvestment,0
2022/09/01 00:17,010,80013A9C0,010,80013A9C0,8697384.59,US Dollar,8697384.59,US Dollar,Reinvestment,0
2022/09/01 00:02,012,80013AA10,012,80013AA10,4196.90,US Dollar,4196.90,US Dollar,Reinvestment,0
2022/09/01 00:04,010,80010DA60,010,80010DA60,16027.79,US Dollar,16027.79,US Dollar,Reinvestment,0
2022/09/01 00:14,010,80010DA60,010,80010DA60,23.20,US Dollar,23.20,US Dollar,Reinvestment,0
2022/09/01 00:10,001,80015E3C0,001,80015E3C0,72846.24,US Dollar,72846.24,US Dollar,Reinvestment,0
2022/09/01 00:22,001,80015E3C0,001,80015E3C0,13.67,US Dollar,13.67,US Dollar,Reinvestment,0
2022/09/01 00:06,012,80015E8B0,012,80015E8B0,607809.45,US Dollar,607809.45,US Dollar,Reinvestment,0
2022/09/01 00:28,010,80015F8E0,010,80015F8E0,4421.23,US Dollar,4421.23,US Dollar,Reinvestment,0
2022/09/01 00:26,012,80015E8B0,012,80015E8B0,19.53,US Dollar,19.53,US Dollar,Reinvestment,0
2022/09/01 00:14,00220,800160E00,00220,800160E00,4313.88,US Dollar,4313.88,US Dollar,Reinvestment,0
2022/09/01 00:10,001,800160AA0,001,800160AA0,12.75,US Dollar,12.75,US Dollar,Reinvestment,0
2022/09/01 00:14,01292,800162950,01292,800162950,196200.95,US Dollar,196200.95,US Dollar,Reinvestment,0
2022/09/01 00:27,001,800163D50,001,800163D50,557531.76,US Dollar,557531.76,US Dollar,Reinvestment,0
2022/09/01 00:08,00220,800163FD0,00220,800163FD0,3473.33,US Dollar,3473.33,US Dollar,Reinvestment,0
2022/09/01 00:29,001,800163DF0,001,800163DF0,12.23,US Dollar,12.23,US Dollar,Reinvestment,0
2022/09/01 00:24,010,800164070,010,800164070,5.72,US Dollar,5.72,US Dollar,Reinvestment,0
2022/09/01 00:18,010,800164250,010,800164250,7.13,US Dollar,7.13,US Dollar,Reinvestment,0
2022/09/01 00:00,010,80016CCE0,010,80016CCE0,9.63,US Dollar,9.63,US Dollar,Reinvestment,0
2022/09/01 00:15,010,80016D280,010,80016D280,104408.80,US Dollar,104408.80,US Dollar,Reinvestment,0
2022/09/01 00:11,010,80016DA30,010,80016DA30,20.93,US Dollar,20.93,US Dollar,Reinvestment,0
2022/09/01 00:26,010,80016DF20,010,80016DF20,9353.73,US Dollar,9353.73,US Dollar,Reinvestment,0
2022/09/01 00:25,01292,800170160,01292,800170160,15119.78,US Dollar,15119.78,US Dollar,Reinvestment,0
2022/09/01 00:07,001,80016FE30,001,80016FE30,20.56,US Dollar,20.56,US Dollar,Reinvestment,0
2022/09/01 00:26,01292,800170250,01292,800170250,11.12,US Dollar,11.12,US Dollar,Reinvestment,0
2022/09/01 00:21,01292,8001702F0,01292,8001702F0,4.96,US Dollar,4.96,US Dollar,Reinvestment,0
2022/09/01 00:12,00220,800171E00,00220,800171E00,718536.03,US Dollar,718536.03,US Dollar,Reinvestment,0
2022/09/01 00:21,010,800171EA0,010,800171EA0,14.24,US Dollar,14.24,US Dollar,Reinvestment,0
2022/09/01 00:04,012,800172410,012,800172410,108030.48,US Dollar,108030.48,US Dollar,Reinvestment,0
2022/09/01 00:02,010,800173690,010,800173690,4469344.13,US Dollar,4469344.13,US Dollar,Reinvestment,0
2022/09/01 00:00,001,8001409E0,010,800173690,4743.61,US Dollar,4743.61,US Dollar,Cheque,0
2022/09/01 00:19,010,800173690,010,800173690,8.22,US Dollar,8.22,US Dollar,Reinvestment,0
2022/09/01 00:01,010,800174D50,010,800174D50,2448390.29,US Dollar,2448390.29,US Dollar,Reinvestment,0
2022/09/01 00:23,012,800174E40,012,800174E40,16.49,US Dollar,16.49,US Dollar,Reinvestment,0
2022/09/01 00:10,010,8001758B0,010,8001758B0,13695.44,US Dollar,13695.44,US Dollar,Reinvestment,0
2022/09/01 00:29,010,8001758B0,010,8001758B0,11.90,US Dollar,11.90,US Dollar,Reinvestment,0
2022/09/01 00:25,001,8001740A0,001,8001740A0,312.45,US Dollar,312.45,US Dollar,Reinvestment,0
2022/09/01 00:16,03211,800174530,03211,800174530,3735.59,US Dollar,3735.59,US Dollar,Reinvestment,0
2022/09/01 00:16,00220,80014BF30,010,800182360,13271.04,US Dollar,13271.04,US Dollar,Credit Card,0
2022/09/01 00:02,00220,80014BF30,010,800182360,15958.59,US Dollar,15958.59,US Dollar,ACH,0
2022/09/01 00:15,010,800187110,027637,80EC70230,110.71,US Dollar,110.71,US Dollar,Credit Card,0
2022/09/01 00:21,010,8001882D0,010,8001882D0,241699.13,US Dollar,241699.13,US Dollar,Reinvestment,0
2022/09/01 00:20,010,8001742E0,01292,800188040,7268.66,US Dollar,7268.66,US Dollar,Cheque,0
2022/09/01 00:05,010,8001742E0,01292,800188040,6014.68,US Dollar,6014.68,US Dollar,ACH,0
2022/09/01 00:26,010,8001742E0,01292,800188040,4933.17,US Dollar,4933.17,US Dollar,Wire,0
2022/09/01 00:26,01292,800188040,01292,800188040,6.91,US Dollar,6.91,US Dollar,Reinvestment,0
2022/09/01 00:17,010,800189BC0,010,800189BC0,23.60,US Dollar,23.60,US Dollar,Reinvestment,0
2022/09/01 00:18,010,800128000,012,80018B2C0,111.96,US Dollar,111.96,US Dollar,Cheque,0
2022/09/01 00:15,010,800128000,012,80018B2C0,644.22,US Dollar,644.22,US Dollar,Credit Card,0
2022/09/01 00:26,012,80018B2C0,012,80018B2C0,9.06,US Dollar,9.06,US Dollar,Reinvestment,0
2022/09/01 00:07,001,80018C960,001,80018C960,15.69,US Dollar,15.69,US Dollar,Reinvestment,0
2022/09/01 00:04,00220,8001325C0,010,80018DBD0,379371.14,US Dollar,379371.14,US Dollar,Cheque,0
2022/09/01 00:03,00220,8001325C0,010,80018DBD0,1102.60,US Dollar,1102.60,US Dollar,Credit Card,0
2022/09/01 00:01,01292,80018F9C0,01292,80018F9C0,10.69,US Dollar,10.69,US Dollar,Reinvestment,0
2022/09/01 00:26,001,80018F640,001,80018F640,406351.09,US Dollar,406351.09,US Dollar,Reinvestment,0
2022/09/01 00:25,001,80018F640,001,80018F640,6.59,US Dollar,6.59,US Dollar,Reinvestment,0
2022/09/01 00:05,01292,80018F430,01292,80018F430,15481.24,US Dollar,15481.24,US Dollar,Reinvestment,0
2022/09/01 00:19,00220,8001908C0,00220,8001908C0,18.12,US Dollar,18.12,US Dollar,Reinvestment,0
2022/09/01 00:14,070,100428660,00220,800190EB0,22605.52,US Dollar,22605.52,US Dollar,Cheque,0
2022/09/01 00:06,070,100428660,00220,800190EB0,4443.78,US Dollar,4443.78,US Dollar,Credit Card,0
2022/09/01 00:22,070,100428660,00220,800190EB0,13809.74,US Dollar,13809.74,US Dollar,Cash,0
2022/09/01 00:15,010,800191D70,010,800191D70,27926.59,US Dollar,27926.59,US Dollar,Reinvestment,0
2022/09/01 00:17,010,800191D70,010,800191D70,18.77,US Dollar,18.77,US Dollar,Reinvestment,0
2022/09/01 00:14,001,800192740,001,800192740,1611.73,US Dollar,1611.73,US Dollar,Reinvestment,0
2022/09/01 00:07,03278,800193930,03278,800193930,3640.25,US Dollar,3640.25,US Dollar,Reinvestment,0
2022/09/01 00:01,01292,800193840,01292,800193840,17.87,US Dollar,17.87,US Dollar,Reinvestment,0
2022/09/01 00:23,012,80018EE40,010,800194520,10238.85,US Dollar,10238.85,US Dollar,Cheque,0
2022/09/01 00:06,012,80018EE40,010,800194520,14531.35,US Dollar,14531.35,US Dollar,Credit Card,0
2022/09/01 00:17,012,80018EE40,010,800194520,12135.55,US Dollar,12135.55,US Dollar,ACH,0
2022/09/01 00:18,012,80018EE40,010,800194520,5565.20,US Dollar,5565.20,US Dollar,Wire,0
2022/09/01 00:08,01292,800194E00,01292,800194E00,339207.48,US Dollar,339207.48,US Dollar,Reinvestment,0
2022/09/01 00:07,00220,800195970,00220,800195970,35416.98,US Dollar,35416.98,US Dollar,Reinvestment,0
2022/09/01 00:04,00220,800141340,00220,800141340,18.29,US Dollar,18.29,US Dollar,Reinvestment,0
2022/09/01 00:20,001,800196730,001,800196730,6.84,US Dollar,6.84,US Dollar,Reinvestment,0
2022/09/01 00:08,001,80018A900,001,80018A900,13925059.09,US Dollar,13925059.09,US Dollar,Reinvestment,0
2022/09/01 00:20,03290,80018A9A0,03290,80018A9A0,31988.33,US Dollar,31988.33,US Dollar,Reinvestment,0
2022/09/01 00:28,001,80018A9F0,001,80018A9F0,9505.79,US Dollar,9505.79,US Dollar,Reinvestment,0
2022/09/01 00:19,001,80018B670,001,80018B670,5853.57,US Dollar,5853.57,US Dollar,Reinvestment,0
2022/09/01 00:21,001,80018BE30,001,80018BE30,1980.19,US Dollar,1980.19,US Dollar,Reinvestment,0
2022/09/01 00:03,03210,80018D290,03210,80018D290,8681.86,US Dollar,8681.86,US Dollar,Reinvestment,0
2022/09/01 00:02,001,8001904A0,001,8001904A0,12122.91,US Dollar,12122.91,US Dollar,Reinvestment,0
2022/09/01 00:17,01292,800190540,01292,800190540,14486.31,US Dollar,14486.31,US Dollar,Reinvestment,0
2022/09/01 00:07,001,800190680,001,800190680,2611.95,US Dollar,2611.95,US Dollar,Reinvestment,0
2022/09/01 00:00,010,800196F00,010,800196F00,5278.24,US Dollar,5278.24,US Dollar,Reinvestment,0
2022/09/01 00:04,001,80018BE30,001,80018BE30,15.90,US Dollar,15.90,US Dollar,Reinvestment,0
2022/09/01 00:16,010,80018C380,010,80018C380,23.22,US Dollar,23.22,US Dollar,Reinvestment,0
2022/09/01 00:09,00220,80018C730,00220,80018C730,17.94,US Dollar,17.94,US Dollar,Reinvestment,0
2022/09/01 00:05,070,100428660,001,800199240,24112.46,US Dollar,24112.46,US Dollar,Cheque,0
2022/09/01 00:13,070,100428660,001,800199240,5568.82,US Dollar,5568.82,US Dollar,Cash,0
2022/09/01 00:13,010,800199C60,010,800199C60,2257.62,US Dollar,2257.62,US Dollar,Cheque,0
2022/09/01 00:29,010,800199C60,010,800199C60,1861.78,US Dollar,1861.78,US Dollar,Credit Card,0
2022/09/01 00:22,010,800199C60,010,800199C60,16.22,US Dollar,16.22,US Dollar,Reinvestment,0
2022/09/01 00:13,00220,800172FC0,00220,800172FC0,404156.88,US Dollar,404156.88,US Dollar,Reinvestment,0
2022/09/01 00:19,00220,800173B80,00220,800173B80,3461.18,US Dollar,3461.18,US Dollar,Reinvestment,0
2022/09/01 00:05,010,800176780,010,800176780,63655.44,US Dollar,63655.44,US Dollar,Reinvestment,0
2022/09/01 00:07,03314,800187490,03314,800187490,3701.58,US Dollar,3701.58,US Dollar,Reinvestment,0
2022/09/01 00:17,001,80019AA50,00220,800187940,142782.00,US Dollar,142782.00,US Dollar,Cheque,0
2022/09/01 00:01,03232,800187D00,03232,800187D00,11604.41,US Dollar,11604.41,US Dollar,Reinvestment,0
2022/09/01 00:12,012,8001894E0,012,8001894E0,68.62,US Dollar,68.62,US Dollar,Reinvestment,0
2022/09/01 00:18,001,800189670,001,800189670,46445.36,US Dollar,46445.36,US Dollar,Reinvestment,0
2022/09/01 00:04,010,800189F70,010,800189F70,13174.61,US Dollar,13174.61,US Dollar,Reinvestment,0
2022/09/01 00:08,03331,80018A1A0,010,80019AE30,1034.69,US Dollar,1034.69,US Dollar,Wire,0
2022/09/01 00:03,001,80019A640,001,80019A640,7492.99,US Dollar,7492.99,US Dollar,Reinvestment,0
2022/09/01 00:04,010,80019A730,010,80019A730,41358.12,US Dollar,41358.12,US Dollar,Reinvestment,0
2022/09/01 00:21,001,80019AA00,001,80019AA00,48197.50,US Dollar,48197.50,US Dollar,Reinvestment,0
2022/09/01 00:00,03211,80019ACF0,03211,80019ACF0,17006.28,US Dollar,17006.28,US Dollar,Reinvestment,0
2022/09/01 00:28,010,800176780,010,800176780,17.64,US Dollar,17.64,US Dollar,Reinvestment,0
2022/09/01 00:17,00220,800187940,0216645,80DE37390,73.56,US Dollar,73.56,US Dollar,Credit Card,0
2022/09/01 00:24,012,800188800,0218472,80B46BC60,23.87,US Dollar,23.87,US Dollar,Credit Card,0
2022/09/01 00:19,001,800189670,001,800189670,3.77,US Dollar,3.77,US Dollar,Reinvestment,0
2022/09/01 00:08,010,800189F70,010,800189F70,7.76,US Dollar,7.76,US Dollar,Reinvestment,0
2022/09/01 00:23,001,80018A0B0,001,80018A0B0,3.10,US Dollar,3.10,US Dollar,Reinvestment,0
2022/09/01 00:29,001,80019AA00,001,80019AA00,6.84,US Dollar,6.84,US Dollar,Reinvestment,0
2022/09/01 00:24,01292,80019AAF0,002952,80539CF20,2.56,US Dollar,2.56,US Dollar,Credit Card,0
2022/09/01 00:05,010,80019E220,010,80019E220,5188.13,US Dollar,5188.13,US Dollar,Reinvestment,0
2022/09/01 00:25,010,80019DDB0,010,80019DDB0,216758.50,US Dollar,216758.50,US Dollar,Reinvestment,0
2022/09/01 00:03,01292,80019DF90,01292,80019DF90,229.85,US Dollar,229.85,US Dollar,Reinvestment,0
2022/09/01 00:06,010,80019DE00,010,80019DE00,12.45,US Dollar,12.45,US Dollar,Reinvestment,0
2022/09/01 00:00,00220,800192280,010,80019D770,33955.15,US Dollar,33955.15,US Dollar,Cheque,0
2022/09/01 00:16,00220,800192280,010,80019D770,11719.92,US Dollar,11719.92,US Dollar,Credit Card,0
2022/09/01 00:26,00220,800192280,010,80019D770,11480.66,US Dollar,11480.66,US Dollar,Wire,0
2022/09/01 00:01,010,80019EFB0,010,80019EFB0,2667.86,US Dollar,2667.86,US Dollar,Reinvestment,0
2022/09/01 00:05,001,80019F050,001,80019F050,10596.38,US Dollar,10596.38,US Dollar,Reinvestment,0
2022/09/01 00:14,010,80019EFB0,010,80019EFB0,8.05,US Dollar,8.05,US Dollar,Reinvestment,0
2022/09/01 00:08,012,80019F000,013037,8058BD9B0,8.51,US Dollar,8.51,US Dollar,Credit Card,0
2022/09/01 00:24,012,800134B10,012,800134B10,12976.01,US Dollar,12976.01,US Dollar,Reinvestment,0
2022/09/01 00:04,012,800135BA0,012,800135BA0,1638.25,US Dollar,1638.25,US Dollar,Reinvestment,0
2022/09/01 00:20,01292,80015E180,01292,80015E180,2120.52,US Dollar,2120.52,US Dollar,Reinvestment,0
2022/09/01 00:00,03296,80015E630,03296,80015E630,37934.66,US Dollar,37934.66,US Dollar,Reinvestment,0
2022/09/01 00:28,010,80015FF20,010,80015FF20,5727.08,US Dollar,5727.08,US Dollar,Reinvestment,0
2022/09/01 00:25,00220,80015FFC0,00220,80015FFC0,770.23,US Dollar,770.23,US Dollar,Reinvestment,0
2022/09/01 00:28,01292,8001625D0,01292,8001625D0,10527.86,US Dollar,10527.86,US Dollar,Reinvestment,0
2022/09/01 00:05,012,8001632A0,012,8001632A0,11338.08,US Dollar,11338.08,US Dollar,Reinvestment,0
2022/09/01 00:23,010,800164840,010,800164840,40918.58,US Dollar,40918.58,US Dollar,Reinvestment,0
2022/09/01 00:22,03314,8001726B0,03314,8001726B0,23898.74,US Dollar,23898.74,US Dollar,Reinvestment,0
2022/09/01 00:07,010,80019CAD0,010,80019CAD0,19485.93,US Dollar,19485.93,US Dollar,Reinvestment,0
2022/09/01 00:27,010,800134B60,010,800134B60,5.03,US Dollar,5.03,US Dollar,Reinvestment,0
2022/09/01 00:04,010,800135090,010,800135090,24.78,US Dollar,24.78,US Dollar,Reinvestment,0
2022/09/01 00:22,001,80015D7D0,001,8126EF0B0,287.75,US Dollar,287.75,US Dollar,Credit Card,0
2022/09/01 00:18,001,80015D9D0,001,80015D9D0,9.82,US Dollar,9.82,US Dollar,Reinvestment,0
2022/09/01 00:03,010,80015FF20,010,80015FF20,5.88,US Dollar,5.88,US Dollar,Reinvestment,0
2022/09/01 00:07,001,8001635B0,001,8001635B0,14.38,US Dollar,14.38,US Dollar,Reinvestment,0
2022/09/01 00:01,00220,80019CC60,00220,80019CC60,15.43,US Dollar,15.43,US Dollar,Reinvestment,0
2022/09/01 00:09,010,80019F8E0,010,80019F8E0,22.06,US Dollar,22.06,US Dollar,Reinvestment,0
2022/09/01 00:16,00220,8000F8CF0,00220,8000F8CF0,2701.91,US Dollar,2701.91,US Dollar,Reinvestment,0
2022/09/01 00:27,010,8001A2E50,010,8001A2E50,588.64,US Dollar,588.64,US Dollar,Reinvestment,0
2022/09/01 00:18,012,8001A37B0,012,8001A37B0,665644.14,US Dollar,665644.14,US Dollar,Reinvestment,0
2022/09/01 00:25,012,8001A37B0,012,8001A37B0,21.02,US Dollar,21.02,US Dollar,Reinvestment,0
2022/09/01 00:00,00220,8001A3C10,00220,8001A3C10,13856.42,US Dollar,13856.42,US Dollar,Reinvestment,0
2022/09/01 00:06,012,8001A4480,012,8001A4480,30271.15,US Dollar,30271.15,US Dollar,Reinvestment,0
2022/09/01 00:26,012,8001A4930,012,8001A4930,4.86,US Dollar,4.86,US Dollar,Reinvestment,0
2022/09/01 00:24,001,8001A4F40,001,8001A4F40,335946.23,US Dollar,335946.23,US Dollar,Reinvestment,0
2022/09/01 00:07,03278,8001A4F90,03278,8001A4F90,3009.80,US Dollar,3009.80,US Dollar,Reinvestment,0
2022/09/01 00:05,01292,80018F970,01292,80018F970,27588.78,US Dollar,27588.78,US Dollar,Reinvestment,0
2022/09/01 00:01,010,8001A6140,010,8001A6140,8976.52,US Dollar,8976.52,US Dollar,Reinvestment,0
2022/09/01 00:19,010,8001A6E90,010,8001A6E90,1631299.78,US Dollar,1631299.78,US Dollar,Reinvestment,0
2022/09/01 00:12,010,8001A7AD0,010,8001A7AD0,34483.29,US Dollar,34483.29,US Dollar,Reinvestment,0
2022/09/01 00:17,001,8001A8060,001,8001A8060,62736.34,US Dollar,62736.34,US Dollar,Reinvestment,0
2022/09/01 00:04,012,8001A7E70,012,8001A7E70,894293.97,US Dollar,894293.97,US Dollar,Reinvestment,0
2022/09/01 00:16,00220,8001A7890,00220,8001A7890,21510.29,US Dollar,21510.29,US Dollar,Reinvestment,0
2022/09/01 00:00,00220,8001A7890,00220,8001A7890,21.53,US Dollar,21.53,US Dollar,Reinvestment,0
2022/09/01 00:09,012,8001A8960,012,8001A8960,4.53,US Dollar,4.53,US Dollar,Reinvestment,0
2022/09/01 00:09,012,8001A8EB0,012,8001A8EB0,13769.83,US Dollar,13769.83,US Dollar,Reinvestment,0
2022/09/01 00:08,070,100428660,012,8001A8EB0,245677.91,US Dollar,245677.91,US Dollar,Cheque,0
2022/09/01 00:07,070,100428660,012,8001A8EB0,17459.98,US Dollar,17459.98,US Dollar,Credit Card,0
2022/09/01 00:13,070,100428660,012,8001A8EB0,287486.82,US Dollar,287486.82,US Dollar,Cash,0
2022/09/01 00:07,010,80019F8E0,01292,8001A9700,2968.09,US Dollar,2968.09,US Dollar,Cheque,0
2022/09/01 00:04,010,80019F8E0,01292,8001A9700,4624.51,US Dollar,4624.51,US Dollar,Credit Card,0
2022/09/01 00:17,00220,8001AA670,00220,8001AA670,354741.98,US Dollar,354741.98,US Dollar,Reinvestment,0
2022/09/01 00:13,00220,8001AA6C0,00220,8001AA6C0,8742.31,US Dollar,8742.31,US Dollar,Reinvestment,0
2022/09/01 00:26,001,8001AA760,001,8001AA760,345.27,US Dollar,345.27,US Dollar,Reinvestment,0
2022/09/01 00:02,00220,8001AA670,00220,8001AA670,16.38,US Dollar,16.38,US Dollar,Reinvestment,0
2022/09/01 00:00,001,8001AADD0,001,8001AADD0,145397.31,US Dollar,145397.31,US Dollar,Reinvestment,0
2022/09/01 00:29,001,8001AADD0,001,8001AADD0,10.05,US Dollar,10.05,US Dollar,Reinvestment,0
2022/09/01 00:11,010,8001AB1E0,010,8001AB1E0,370747.53,US Dollar,370747.53,US Dollar,Reinvestment,0
2022/09/01 00:18,03284,8001AB230,03284,8001AB230,831.56,US Dollar,831.56,US Dollar,Reinvestment,0
2022/09/01 00:01,001,8001AB940,001,8001AB940,15.77,US Dollar,15.77,US Dollar,Reinvestment,0
2022/09/01 00:23,010,8001A5F50,001,8001A6A40,27632395.00,US Dollar,27632395.00,US Dollar,Cheque,0
2022/09/01 00:18,010,8001A5F50,010,8001AA0E0,396062961.00,US Dollar,396062961.00,US Dollar,ACH,0
2022/09/01 00:07,001,8001A6A40,009482,80FEA8C70,165.10,US Dollar,165.10,US Dollar,Credit Card,0
2022/09/01 00:21,012,8001A8CC0,0024869,8100D4600,68.04,US Dollar,68.04,US Dollar,Credit Card,0
2022/09/01 00:01,010,8001AA0E0,0024869,8100D4600,7.83,US Dollar,7.83,US Dollar,Credit Card,0
2022/09/01 00:04,01292,8001B5340,01292,8001B5340,3260.13,US Dollar,3260.13,US Dollar,Reinvestment,0
2022/09/01 00:05,01292,8001BA980,01292,8001BA980,4625.75,US Dollar,4625.75,US Dollar,Reinvestment,0
2022/09/01 00:03,010,8001BB380,010,8001BB380,21616596.44,US Dollar,21616596.44,US Dollar,Reinvestment,0
2022/09/01 00:24,010,8001BB380,010,8001BB380,16.51,US Dollar,16.51,US Dollar,Reinvestment,0
2022/09/01 00:15,001,8001BDFF0,001,8001BDFF0,303.92,US Dollar,303.92,US Dollar,Reinvestment,0
2022/09/01 00:19,01362,8001C47A0,01362,8001C47A0,1437235.06,US Dollar,1437235.06,US Dollar,Reinvestment,0
2022/09/01 00:05,010,8001C5260,010,8001C5260,145270.65,US Dollar,145270.65,US Dollar,Reinvestment,0
2022/09/01 00:27,010,8001C5260,010,8001C5260,23.89,US Dollar,23.89,US Dollar,Reinvestment,0
2022/09/01 00:14,012,8001C5670,012,8001C5670,5.57,US Dollar,5.57,US Dollar,Reinvestment,0
2022/09/01 00:28,012,8001C64C0,012,8001C64C0,812645.66,US Dollar,812645.66,US Dollar,Reinvestment,0
2022/09/01 00:17,012,8001C64C0,012,8001C64C0,6.44,US Dollar,6.44,US Dollar,Reinvestment,0
2022/09/01 00:00,010,80005AD90,001,8001C6920,65669.07,US Dollar,65669.07,US Dollar,Cheque,0
2022/09/01 00:23,010,80005AD90,001,8001C6920,12532.07,US Dollar,12532.07,US Dollar,Credit Card,0
2022/09/01 00:26,010,8001C7260,010,8001C7260,330137.94,US Dollar,330137.94,US Dollar,Reinvestment,0
2022/09/01 00:20,010,8001C7740,010,8001C7740,12.74,US Dollar,12.74,US Dollar,Reinvestment,0
2022/09/01 00:04,012,8001C8580,012,8001C8580,4712.93,US Dollar,4712.93,US Dollar,Reinvestment,0
2022/09/01 00:12,012,8001C8580,012,8001C8580,8.64,US Dollar,8.64,US Dollar,Reinvestment,0
2022/09/01 00:17,00220,8001C8C50,00220,8001C8C50,101207.78,US Dollar,101207.78,US Dollar,Reinvestment,0
2022/09/01 00:01,001,8001C9040,001,8001C9040,162224.00,US Dollar,162224.00,US Dollar,Reinvestment,0
2022/09/01 00:04,012,8001A4930,001,8001C9F20,31481.98,US Dollar,31481.98,US Dollar,Cheque,0
2022/09/01 00:07,012,8001A4930,001,8001C9F20,9820.19,US Dollar,9820.19,US Dollar,Credit Card,0
2022/09/01 00:14,012,8001A4930,001,8001C9F20,2775.13,US Dollar,2775.13,US Dollar,Cash,0
2022/09/01 00:03,012,8001A4930,001,8001C9F20,4411.89,US Dollar,4411.89,US Dollar,ACH,0
2022/09/01 00:12,001,8001C9F20,001,8001C9F20,23.19,US Dollar,23.19,US Dollar,Reinvestment,0
2022/09/01 00:20,010,8001CA380,010,8001CA380,1950.33,US Dollar,1950.33,US Dollar,Reinvestment,0
2022/09/01 00:22,01292,8001CA830,004523,80C1456B0,16.68,US Dollar,16.68,US Dollar,Credit Card,0
2022/09/01 00:22,01292,8001C9D30,01292,8001C9D30,16774.18,US Dollar,16774.18,US Dollar,Reinvestment,0
2022/09/01 00:11,010,8001CB240,010,8001CB240,251776.68,US Dollar,251776.68,US Dollar,Reinvestment,0
2022/09/01 00:10,012,8001CB7C0,0213704,808ED71C0,36.35,US Dollar,36.35,US Dollar,Credit Card,0
2022/09/01 00:06,00220,8001CBEF0,00220,8001CBEF0,1253405.45,US Dollar,1253405.45,US Dollar,Reinvestment,0
2022/09/01 00:23,010,8001CC420,010,8001CC420,17541.05,US Dollar,17541.05,US Dollar,Reinvestment,0
2022/09/01 00:18,010,8001CC420,010,8001CC420,21.14,US Dollar,21.14,US Dollar,Reinvestment,0
2022/09/01 00:10,012,800137450,012,8001CF680,3497.55,US Dollar,3497.55,US Dollar,Cheque,0
2022/09/01 00:20,012,800137450,012,8001CF680,14271.35,US Dollar,14271.35,US Dollar,Credit Card,0
2022/09/01 00:22,012,800137450,012,8001CF680,447.61,US Dollar,447.61,US Dollar,Cash,0
2022/09/01 00:04,012,800137450,012,8001CF680,2157.28,US Dollar,2157.28,US Dollar,ACH,0
2022/09/01 00:03,001,8001CEC80,001,8001CEC80,31.31,US Dollar,31.31,US Dollar,Reinvestment,0
2022/09/01 00:10,01362,8001CF830,01362,8001CF830,3731.69,US Dollar,3731.69,US Dollar,Reinvestment,0
2022/09/01 00:11,01292,8001CFB50,01292,8001CFB50,4840.02,US Dollar,4840.02,US Dollar,Reinvestment,0
2022/09/01 00:11,001,8001CFD80,001,8001CFD80,16122.37,US Dollar,16122.37,US Dollar,Reinvestment,0
2022/09/01 00:01,001,8001CEB90,001,8001CEB90,17.25,US Dollar,17.25,US Dollar,Reinvestment,0
2022/09/01 00:24,010,8001CF7B0,018617,8053BF4A0,49.83,US Dollar,49.83,US Dollar,Credit Card,0
2022/09/01 00:22,01292,8001CFB50,01292,8001CFB50,16.45,US Dollar,16.45,US Dollar,Reinvestment,0
2022/09/01 00:04,001,8001CFCE0,001,8001CFCE0,21.56,US Dollar,21.56,US Dollar,Reinvestment,0
2022/09/01 00:09,010,8001CE580,010,8001CE580,1639490.07,US Dollar,1639490.07,US Dollar,Reinvestment,0
2022/09/01 00:15,00220,8001D11D0,00220,8001D11D0,749106.32,US Dollar,749106.32,US Dollar,Reinvestment,0
2022/09/01 00:10,01362,8001D13B0,01362,8001D13B0,396751.91,US Dollar,396751.91,US Dollar,Reinvestment,0
2022/09/01 00:29,010,8001D2B30,010,8001D2B30,55447.01,US Dollar,55447.01,US Dollar,Reinvestment,0
2022/09/01 00:13,010,800134210,010,800134210,4.25,US Dollar,4.25,US Dollar,Reinvestment,0
2022/09/01 00:04,012,80013BCB0,012,80013BCB0,843085.95,US Dollar,843085.95,US Dollar,Reinvestment,0
2022/09/01 00:23,012,80013BCB0,012,80013BCB0,7.56,US Dollar,7.56,US Dollar,Reinvestment,0
2022/09/01 00:25,001,8001D49A0,001,8001D49A0,1203048.40,US Dollar,1203048.40,US Dollar,Reinvestment,0
2022/09/01 00:27,001,8001D49A0,001,8001D49A0,22.32,US Dollar,22.32,US Dollar,Reinvestment,0
2022/09/01 00:12,01292,8001D8CB0,01292,8001D8CB0,307514.32,US Dollar,307514.32,US Dollar,Reinvestment,0
2022/09/01 00:11,012,8001DAB60,012,8001DAB60,787786.49,US Dollar,787786.49,US Dollar,Reinvestment,0
2022/09/01 00:24,010,8001DA8D0,010,8001DA8D0,2258.59,US Dollar,2258.59,US Dollar,Reinvestment,0
2022/09/01 00:02,012,8001DB230,012,8001DB230,4596.66,US Dollar,4596.66,US Dollar,Reinvestment,0
2022/09/01 00:29,01362,8001DC410,01362,8001DC410,5224.22,US Dollar,5224.22,US Dollar,Reinvestment,0
2022/09/01 00:03,01292,8001DA790,01292,8001DA790,24.97,US Dollar,24.97,US Dollar,Reinvestment,0
2022/09/01 00:26,01292,8001DB320,01292,8001DB320,4.64,US Dollar,4.64,US Dollar,Reinvestment,0
2022/09/01 00:23,01362,8001DC410,01362,8001DC410,16.39,US Dollar,16.39,US Dollar,Reinvestment,0
2022/09/01 00:03,001,8001DDBB0,001,8001DDBB0,9137.30,US Dollar,9137.30,US Dollar,Reinvestment,0
2022/09/01 00:03,03284,8001DDC00,01292,8001DDB60,1290.78,US Dollar,1290.78,US Dollar,ACH,0
2022/09/01 00:05,00220,8001DEA10,00220,8001DEA10,1811.06,US Dollar,1811.06,US Dollar,Reinvestment,0
2022/09/01 00:14,03378,8001DEB00,03378,8001DEB00,4424.18,US Dollar,4424.18,US Dollar,Reinvestment,0
2022/09/01 00:13,001,8001DDFC0,001,8001DDFC0,17.90,US Dollar,17.90,US Dollar,Reinvestment,0
2022/09/01 00:10,001,8001DED20,001,8001DED20,23.17,US Dollar,23.17,US Dollar,Reinvestment,0
2022/09/01 00:03,01362,8001DCDF0,01362,8001DCDF0,1096868.38,US Dollar,1096868.38,US Dollar,Reinvestment,0
2022/09/01 00:05,01292,8001DD3D0,01292,8001DD3D0,2464.30,US Dollar,2464.30,US Dollar,Reinvestment,0
2022/09/01 00:29,01362,8001E0470,01362,8001E0470,161.62,US Dollar,161.62,US Dollar,Reinvestment,0
2022/09/01 00:07,012,8001E0160,0214615,806859720,45.76,US Dollar,45.76,US Dollar,Credit Card,0
2022/09/01 00:02,01292,8001E0AE0,01292,8001E0AE0,109169.12,US Dollar,109169.12,US Dollar,Reinvestment,0
2022/09/01 00:28,001,8001D9E20,001,8001D9E20,120826.27,US Dollar,120826.27,US Dollar,Reinvestment,0
2022/09/01 00:09,03374,8001DA0E0,03374,8001DA0E0,10558.74,US Dollar,10558.74,US Dollar,Reinvestment,0
2022/09/01 00:01,012,8001E0E20,012,8001E0E20,822.70,US Dollar,822.70,US Dollar,Reinvestment,0
2022/09/01 00:17,01362,8001E0F10,01362,8001E0F10,11168.94,US Dollar,11168.94,US Dollar,Reinvestment,0
2022/09/01 00:25,070,100428660,01362,8001E0F10,183.36,US Dollar,183.36,US Dollar,Cheque,0
2022/09/01 00:20,070,100428660,01362,8001E0F10,34.94,US Dollar,34.94,US Dollar,Cash,0
2022/09/01 00:02,010,8001DA2B0,010,8001DA2B0,3.14,US Dollar,3.14,US Dollar,Reinvestment,0
2022/09/01 00:01,001,8001DA3A0,001,8001DA3A0,13.31,US Dollar,13.31,US Dollar,Reinvestment,0
2022/09/01 00:00,010,8001E37F0,010,8001E37F0,560045.98,US Dollar,560045.98,US Dollar,Reinvestment,0
2022/09/01 00:19,01292,8001E47C0,01292,8001E47C0,3801188.54,US Dollar,3801188.54,US Dollar,Reinvestment,0
2022/09/01 00:04,03264,8001E3510,03264,8001E3510,3821.30,US Dollar,3821.30,US Dollar,Reinvestment,0
2022/09/01 00:27,03210,8001E3560,03210,8001E3560,197.72,US Dollar,197.72,US Dollar,Reinvestment,0
2022/09/01 00:26,010,8001E3EE0,010,8001E3EE0,17495.77,US Dollar,17495.77,US Dollar,Reinvestment,0
2022/09/01 00:13,001,8001E4FB0,001,8001E4FB0,9.06,US Dollar,9.06,US Dollar,Reinvestment,0
2022/09/01 00:25,01292,8001E5FA0,01292,8001E5FA0,16.24,US Dollar,16.24,US Dollar,Reinvestment,0
2022/09/01 00:05,001,8001E6040,001,8001E6040,13.63,US Dollar,13.63,US Dollar,Reinvestment,0
2022/09/01 00:14,001,8001E6840,001,8001E6840,210872.37,US Dollar,210872.37,US Dollar,Reinvestment,0
2022/09/01 00:06,010,8001E7270,010,8001E7270,3.16,US Dollar,3.16,US Dollar,Reinvestment,0
2022/09/01 00:14,010,8001E8240,010,8001E8240,281895.42,US Dollar,281895.42,US Dollar,Reinvestment,0
2022/09/01 00:03,001,8001C6920,010,8001E8240,3814.25,US Dollar,3814.25,US Dollar,Cheque,0
2022/09/01 00:10,001,8001C6920,010,8001E8240,1575.81,US Dollar,1575.81,US Dollar,Credit Card,0
2022/09/01 00:24,001,8001C6920,010,8001E8240,127.34,US Dollar,127.34,US Dollar,Cash,0
2022/09/01 00:10,001,80005E740,00220,8001E8C30,1896.16,US Dollar,1896.16,US Dollar,Cheque,0
2022/09/01 00:07,001,80005E740,00220,8001E8C30,8897.89,US Dollar,8897.89,US Dollar,Credit Card,0
2022/09/01 00:17,00220,8001E9150,00220,8001E9150,1087.95,US Dollar,1087.95,US Dollar,Reinvestment,0
2022/09/01 00:03,00220,8001E9150,00220,8001E9150,16.95,US Dollar,16.95,US Dollar,Reinvestment,0
2022/09/01 00:09,001,8001EA4A0,001,8001EA4A0,3.55,US Dollar,3.55,US Dollar,Reinvestment,0
2022/09/01 00:12,001,800140320,001,800140320,408722.40,US Dollar,408722.40,US Dollar,Reinvestment,0
2022/09/01 00:19,001,800140320,001,800140320,7.85,US Dollar,7.85,US Dollar,Reinvestment,0
2022/09/01 00:15,01362,8001EBA60,01362,8001EBA60,10.01,US Dollar,10.01,US Dollar,Reinvestment,0
2022/09/01 00:14,01362,8001ECD70,01362,8001ECD70,82463.83,US Dollar,82463.83,US Dollar,Reinvestment,0
2022/09/01 00:03,010,800152A90,010,800152A90,4933.91,US Dollar,4933.91,US Dollar,Reinvestment,0
2022/09/01 00:14,001,8001E9F40,001,8001E9F40,831.75,US Dollar,831.75,US Dollar,Reinvestment,0
2022/09/01 00:13,010,8001EB460,010,8001EB460,183.09,US Dollar,183.09,US Dollar,Reinvestment,0
2022/09/01 00:23,001,8001EB780,001,8001EB780,4561.68,US Dollar,4561.68,US Dollar,Reinvestment,0
2022/09/01 00:08,01362,8001EC0F0,01362,8001EC0F0,3540.13,US Dollar,3540.13,US Dollar,Reinvestment,0
2022/09/01 00:08,01292,8001EC280,01292,8001EC280,5315.42,US Dollar,5315.42,US Dollar,Reinvestment,0
2022/09/01 00:20,010,8001E9FE0,010,8001E9FE0,4.64,US Dollar,4.64,US Dollar,Reinvestment,0
2022/09/01 00:10,010,8001EB460,010,8001EB460,15.49,US Dollar,15.49,US Dollar,Reinvestment,0
2022/09/01 00:25,012,8001EB550,012,8001EB550,7.87,US Dollar,7.87,US Dollar,Reinvestment,0
2022/09/01 00:19,01292,8001EB640,01292,8001EB640,12.37,US Dollar,12.37,US Dollar,Reinvestment,0
2022/09/01 00:17,001,8001530B0,001,8001530B0,6.86,US Dollar,6.86,US Dollar,Reinvestment,0
2022/09/01 00:26,001,8001F0450,001,8001F0450,674655.24,US Dollar,674655.24,US Dollar,Reinvestment,0
2022/09/01 00:14,001,8001F0820,001,8001F0820,20.52,US Dollar,20.52,US Dollar,Reinvestment,0
2022/09/01 00:03,012,8001F1B20,012,8001F1B20,318734.77,US Dollar,318734.77,US Dollar,Reinvestment,0
2022/09/01 00:05,010,8000F89F0,012,8001F1B20,7183.39,US Dollar,7183.39,US Dollar,Cheque,0
2022/09/01 00:12,010,8000F89F0,012,8001F1B20,6513.78,US Dollar,6513.78,US Dollar,Credit Card,0
2022/09/01 00:08,010,8001F2180,010,8001F2180,549078.33,US Dollar,549078.33,US Dollar,Reinvestment,0
2022/09/01 00:25,001,8001F2F50,001,8001F2F50,1474642.10,US Dollar,1474642.10,US Dollar,Reinvestment,0
2022/09/01 00:14,001,8000EDBB0,001,8001F2F50,16829.90,US Dollar,16829.90,US Dollar,Cheque,0
2022/09/01 00:11,001,8000EDBB0,001,8001F2F50,6810.65,US Dollar,6810.65,US Dollar,Credit Card,0
2022/09/01 00:18,010,8001F3760,010,8001F3760,184016.94,US Dollar,184016.94,US Dollar,Reinvestment,0
2022/09/01 00:13,00220,800195970,010,8001F3760,120675.97,US Dollar,120675.97,US Dollar,Cheque,0
2022/09/01 00:13,001,800139D10,001,800139D10,1059001.36,US Dollar,1059001.36,US Dollar,Reinvestment,0
2022/09/01 00:20,001,80019A020,001,800139D10,46109.44,US Dollar,46109.44,US Dollar,Cheque,0
2022/09/01 00:24,001,80019A020,001,800139D10,8942.79,US Dollar,8942.79,US Dollar,Credit Card,0
2022/09/01 00:28,001,80019A020,001,800139D10,6048.34,US Dollar,6048.34,US Dollar,ACH,0
2022/09/01 00:19,010,8001F5A30,010,8001F5A30,9.23,US Dollar,9.23,US Dollar,Reinvestment,0
2022/09/01 00:19,001,8001F6960,001,8001F6960,614988.90,US Dollar,614988.90,US Dollar,Reinvestment,0
2022/09/01 00:15,01362,8001F75E0,01362,8001F75E0,4269292.47,US Dollar,4269292.47,US Dollar,Reinvestment,0
2022/09/01 00:16,001,8001FF620,001,8001FF620,8.09,US Dollar,8.09,US Dollar,Reinvestment,0
2022/09/01 00:13,01292,80020A460,01292,80020A460,1181425.47,US Dollar,1181425.47,US Dollar,Reinvestment,0
2022/09/01 00:19,010,80020A6E0,010,80020A6E0,4657.68,US Dollar,4657.68,US Dollar,Reinvestment,0
2022/09/01 00:04,03370,80020AAF0,010,80020A6E0,542.33,US Dollar,542.33,US Dollar,ACH,0
2022/09/01 00:12,001,80020AC30,001,80020AC30,4835.42,US Dollar,4835.42,US Dollar,Reinvestment,0
2022/09/01 00:22,01292,800213AD0,01292,800213AD0,326697.77,US Dollar,326697.77,US Dollar,Reinvestment,0
2022/09/01 00:11,00220,800214650,00220,800214650,9.95,US Dollar,9.95,US Dollar,Reinvestment,0
2022/09/01 00:07,010,8001F97D0,010,8001F97D0,1273.01,US Dollar,1273.01,US Dollar,Reinvestment,0
2022/09/01 00:12,03405,8001F9F70,03405,8001F9F70,200.80,US Dollar,200.80,US Dollar,Reinvestment,0
2022/09/01 00:22,010,8001FA190,010,8001FA190,32273.30,US Dollar,32273.30,US Dollar,Reinvestment,0
2022/09/01 00:24,03370,8001FA950,010,8001F9870,43750.48,US Dollar,43750.48,US Dollar,ACH,0
2022/09/01 00:13,012,800212E40,012,800212E40,49.56,US Dollar,49.56,US Dollar,Reinvestment,0
2022/09/01 00:09,012,800213020,012,800213020,40871.84,US Dollar,40871.84,US Dollar,Reinvestment,0
2022/09/01 00:01,010,8002132A0,010,8002132A0,446.32,US Dollar,446.32,US Dollar,Reinvestment,0
2022/09/01 00:04,00220,800213390,00220,800213390,465.60,US Dollar,465.60,US Dollar,Reinvestment,0
2022/09/01 00:25,01362,800213DC0,01362,800213DC0,8069.58,US Dollar,8069.58,US Dollar,Reinvestment,0
2022/09/01 00:00,010,8002143C0,010,8002143C0,21163.90,US Dollar,21163.90,US Dollar,Reinvestment,0
2022/09/01 00:12,012,8001F8C20,012,8001F8C20,21.75,US Dollar,21.75,US Dollar,Reinvestment,0
2022/09/01 00:21,001,8001F95B0,0115363,81327AF60,144.66,US Dollar,144.66,US Dollar,Credit Card,0
2022/09/01 00:21,010,8001F9870,010,8001F9870,22.35,US Dollar,22.35,US Dollar,Reinvestment,0
2022/09/01 00:28,010,8001FAC60,010,8001FAC60,13.32,US Dollar,13.32,US Dollar,Reinvestment,0
2022/09/01 00:29,00220,800213200,00220,800213200,6.33,US Dollar,6.33,US Dollar,Reinvestment,0
2022/09/01 00:28,01362,800213DC0,01362,800213DC0,3.61,US Dollar,3.61,US Dollar,Reinvestment,0
2022/09/01 00:17,001,800218810,001,800218810,24.29,US Dollar,24.29,US Dollar,Reinvestment,0
2022/09/01 00:12,001,800218D10,001,800218D10,16.43,US Dollar,16.43,US Dollar,Reinvestment,0
2022/09/01 00:19,010,80005B110,010,80021ADE0,210518.18,US Dollar,210518.18,US Dollar,Cheque,0
2022/09/01 00:21,010,80005B110,010,80021ADE0,15189.49,US Dollar,15189.49,US Dollar,Credit Card,0
2022/09/01 00:06,010,80005B110,010,80021ADE0,55474.55,US Dollar,55474.55,US Dollar,Cash,0
2022/09/01 00:20,010,80005B110,010,80021ADE0,4432.21,US Dollar,4432.21,US Dollar,Wire,0
2022/09/01 00:28,01362,80021C0B0,01362,80021C0B0,1444.37,US Dollar,1444.37,US Dollar,Reinvestment,0
2022/09/01 00:18,010,800187110,01362,80021BEC0,12136.74,US Dollar,12136.74,US Dollar,Credit Card,0
2022/09/01 00:10,010,80021C600,010,80021C600,540344.34,US Dollar,540344.34,US Dollar,Reinvestment,0
2022/09/01 00:11,03426,80021C6F0,010,80021C600,7567.99,US Dollar,7567.99,US Dollar,Wire,0
2022/09/01 00:27,01362,80021C870,01362,80021C870,5.17,US Dollar,5.17,US Dollar,Reinvestment,0
2022/09/01 00:20,01292,80021C9B0,01292,80021C9B0,8.54,US Dollar,8.54,US Dollar,Reinvestment,0
2022/09/01 00:02,01362,8001E3BE0,01362,8001E3BE0,36228.31,US Dollar,36228.31,US Dollar,Reinvestment,0
2022/09/01 00:18,001,80021DCF0,01588,803E29FE0,209.99,US Dollar,209.99,US Dollar,Credit Card,0
2022/09/01 00:11,01362,80021F410,01362,80021F410,1152350.51,US Dollar,1152350.51,US Dollar,Reinvestment,0
2022/09/01 00:22,01362,80021F410,01362,80021F410,16.32,US Dollar,16.32,US Dollar,Reinvestment,0
2022/09/01 00:11,00220,80021FFF0,00220,80021FFF0,197031.97,US Dollar,197031.97,US Dollar,Reinvestment,0
2022/09/01 00:03,010,80021EF30,010,80021EF30,5721.25,US Dollar,5721.25,US Dollar,Reinvestment,0
2022/09/01 00:10,03429,80021EFD0,03429,80021EFD0,259.78,US Dollar,259.78,US Dollar,Reinvestment,0
2022/09/01 00:15,001,8002202E0,001,8002202E0,3524.74,US Dollar,3524.74,US Dollar,Reinvestment,0
2022/09/01 00:12,03429,800220470,03429,800220470,4538.07,US Dollar,4538.07,US Dollar,Reinvestment,0
2022/09/01 00:00,012,80021FBB0,012,80021FBB0,11.51,US Dollar,11.51,US Dollar,Reinvestment,0
2022/09/01 00:16,012,800220E60,012,800220E60,961017.77,US Dollar,961017.77,US Dollar,Reinvestment,0
2022/09/01 00:16,001,800221B50,001,800221B50,5978.27,US Dollar,5978.27,US Dollar,Reinvestment,0
2022/09/01 00:04,01362,800221BA0,01362,800221BA0,10596.65,US Dollar,10596.65,US Dollar,Reinvestment,0
2022/09/01 00:12,010,800223A20,010,800223A20,170711.94,US Dollar,170711.94,US Dollar,Reinvestment,0
2022/09/01 00:12,012,8000F7C60,010,800223A20,909.64,US Dollar,909.64,US Dollar,Cheque,0
2022/09/01 00:22,012,8000F7C60,010,800223A20,2823.61,US Dollar,2823.61,US Dollar,Wire,0
2022/09/01 00:14,010,800223A20,010,800223A20,15.64,US Dollar,15.64,US Dollar,Reinvestment,0
2022/09/01 00:12,00220,800224560,00220,800224560,4764.93,US Dollar,4764.93,US Dollar,Reinvestment,0
2022/09/01 00:08,012,800223C90,012,800223C90,22.93,US Dollar,22.93,US Dollar,Reinvestment,0
2022/09/01 00:10,01292,8001D0C50,01292,8001D0C50,37344.87,US Dollar,37344.87,US Dollar,Reinvestment,0
2022/09/01 00:06,012,8001E1D40,012,8001E1D40,12909.88,US Dollar,12909.88,US Dollar,Reinvestment,0
2022/09/01 00:19,012,8001E5D00,012,8001E5D00,10288.74,US Dollar,10288.74,US Dollar,Reinvestment,0
2022/09/01 00:24,01362,8001E6560,01362,8001E6560,3140.76,US Dollar,3140.76,US Dollar,Reinvestment,0
2022/09/01 00:06,03296,8001E7680,03296,8001E7680,1986.10,US Dollar,1986.10,US Dollar,Reinvestment,0
2022/09/01 00:19,001,800153380,001,800153380,4050.75,US Dollar,4050.75,US Dollar,Reinvestment,0
2022/09/01 00:13,00220,8001533D0,00220,8001533D0,1150.30,US Dollar,1150.30,US Dollar,Reinvestment,0
2022/09/01 00:06,03374,800153420,001,8001F5570,2625.21,US Dollar,2625.21,US Dollar,ACH,0
2022/09/01 00:24,001,8001EFB10,001,8001EFB10,28075.61,US Dollar,28075.61,US Dollar,Reinvestment,0
2022/09/01 00:01,012,8001F1280,012,8001F1280,9797.59,US Dollar,9797.59,US Dollar,Reinvestment,0
2022/09/01 00:25,001,8001E1DE0,012,8001F2380,562462.00,US Dollar,562462.00,US Dollar,Cheque,0
2022/09/01 00:09,010,8001F4820,010,8001F4820,24914.54,US Dollar,24914.54,US Dollar,Reinvestment,0
2022/09/01 00:28,03331,8001F48C0,03331,8001F48C0,1311.52,US Dollar,1311.52,US Dollar,Reinvestment,0
2022/09/01 00:21,010,8001F4CB0,010,8001F4CB0,4186.59,US Dollar,4186.59,US Dollar,Reinvestment,0
2022/09/01 00:07,01292,8001F57A0,01292,8001F57A0,10432.32,US Dollar,10432.32,US Dollar,Reinvestment,0
2022/09/01 00:17,03274,8001F5C20,03274,8001F5C20,5714.03,US Dollar,5714.03,US Dollar,Reinvestment,0
2022/09/01 00:06,03370,800216840,03370,800216840,35.29,US Dollar,35.29,US Dollar,Reinvestment,0
2022/09/01 00:19,010,800216BB0,010,800216BB0,83.30,US Dollar,83.30,US Dollar,Reinvestment,0
2022/09/01 00:02,03420,800217430,03420,800217430,6232.27,US Dollar,6232.27,US Dollar,Reinvestment,0
2022/09/01 00:05,01292,800217780,01292,800217780,12444.47,US Dollar,12444.47,US Dollar,Reinvestment,0
2022/09/01 00:23,00220,8002177D0,00220,8002177D0,83342.60,US Dollar,83342.60,US Dollar,Reinvestment,0
2022/09/01 00:26,012,80021B080,012,80021B080,2886.11,US Dollar,2886.11,US Dollar,Reinvestment,0
2022/09/01 00:24,010,8001E1CF0,010,80021BC80,1670291.00,US Dollar,1670291.00,US Dollar,Cheque,0
2022/09/01 00:14,01292,80021D1C0,01292,80021D1C0,61068.72,US Dollar,61068.72,US Dollar,Reinvestment,0
2022/09/01 00:24,001,800222230,001,800222230,19453.70,US Dollar,19453.70,US Dollar,Reinvestment,0
2022/09/01 00:00,03432,800222280,03432,800222280,2115.85,US Dollar,2115.85,US Dollar,Reinvestment,0
2022/09/01 00:13,03433,800222790,03433,800222790,6308.99,US Dollar,6308.99,US Dollar,Reinvestment,0
2022/09/01 00:05,001,800223230,001,800223230,7221.10,US Dollar,7221.10,US Dollar,Reinvestment,0
2022/09/01 00:03,01420,800225050,01420,800225050,63556.17,US Dollar,63556.17,US Dollar,Reinvestment,0
2022/09/01 00:06,001,8001D0B60,022205,80A343EB0,14.51,US Dollar,14.51,US Dollar,Credit Card,0
2022/09/01 00:13,01292,8001D0C50,01292,8001D0C50,20.27,US Dollar,20.27,US Dollar,Reinvestment,0
2022/09/01 00:03,01362,8001D3A10,01362,8001D3A10,11.34,US Dollar,11.34,US Dollar,Reinvestment,0
2022/09/01 00:25,01292,8001E1C50,019474,80EFEF8B0,47.77,US Dollar,47.77,US Dollar,Credit Card,0
2022/09/01 00:07,010,8001E7410,010,8001E7410,18.91,US Dollar,18.91,US Dollar,Reinvestment,0
2022/09/01 00:19,00220,8001EFA70,022205,80A343EB0,57.49,US Dollar,57.49,US Dollar,Credit Card,0
2022/09/01 00:16,012,8001F2380,016031,8121E3300,77.93,US Dollar,77.93,US Dollar,Credit Card,0
2022/09/01 00:01,010,8001F25A0,010,8001F25A0,14.82,US Dollar,14.82,US Dollar,Reinvestment,0
2022/09/01 00:08,001,8001F5570,001,8001F5570,6.90,US Dollar,6.90,US Dollar,Reinvestment,0
2022/09/01 00:00,012,80021B080,012,80021B080,23.62,US Dollar,23.62,US Dollar,Reinvestment,0
2022/09/01 00:06,010,80021BC80,0123997,80D38CD10,194.90,US Dollar,194.90,US Dollar,Credit Card,0
2022/09/01 00:28,00220,800222140,00220,800222140,18.12,US Dollar,18.12,US Dollar,Reinvestment,0
2022/09/01 00:23,01420,8002258B0,01420,8002258B0,23.95,US Dollar,23.95,US Dollar,Reinvestment,0
2022/09/01 00:23,01292,8001CCCD0,01292,8001CCCD0,87958.82,US Dollar,87958.82,US Dollar,Reinvestment,0
2022/09/01 00:22,001,8001CD660,001,8001CD660,112145.67,US Dollar,112145.67,US Dollar,Reinvestment,0
2022/09/01 00:06,01292,8001CCCD0,01292,8001CCCD0,9.36,US Dollar,9.36,US Dollar,Reinvestment,0
2022/09/01 00:20,010,80019E220,010,80022A8E0,52227.90,US Dollar,52227.90,US Dollar,Cheque,0
2022/09/01 00:26,010,80019E220,010,80022A8E0,12264.37,US Dollar,12264.37,US Dollar,ACH,0
2022/09/01 00:00,010,80022B180,010,80022B180,350954.69,US Dollar,350954.69,US Dollar,Reinvestment,0
2022/09/01 00:17,012,80022B750,012,80022B750,18.59,US Dollar,18.59,US Dollar,Reinvestment,0
2022/09/01 00:05,010,80022BBB0,010,80022BBB0,4.83,US Dollar,4.83,US Dollar,Reinvestment,0
2022/09/01 00:10,010,80022C150,010,80022C150,224810.39,US Dollar,224810.39,US Dollar,Reinvestment,0
2022/09/01 00:24,010,80022C9C0,010,80022C9C0,200.05,US Dollar,200.05,US Dollar,Reinvestment,0
2022/09/01 00:00,010,80022C9C0,010,80022C9C0,3.37,US Dollar,3.37,US Dollar,Reinvestment,0
2022/09/01 00:13,010,80024C8C0,010,80024C8C0,192339.42,US Dollar,192339.42,US Dollar,Reinvestment,0
2022/09/01 00:05,010,80024C8C0,010,80024C8C0,11.95,US Dollar,11.95,US Dollar,Reinvestment,0
2022/09/01 00:22,010,80024D950,010,80024D950,18.33,US Dollar,18.33,US Dollar,Reinvestment,0
2022/09/01 00:18,012,80024EBB0,012,80024EBB0,366496.76,US Dollar,366496.76,US Dollar,Reinvestment,0
2022/09/01 00:00,012,80024EBB0,012,80024EBB0,18.27,US Dollar,18.27,US Dollar,Reinvestment,0
2022/09/01 00:20,01362,80024FAA0,01362,80024FAA0,640553.45,US Dollar,640553.45,US Dollar,Reinvestment,0
2022/09/01 00:13,012,800135E30,01362,80024FAA0,12973.35,US Dollar,12973.35,US Dollar,Cheque,0
2022/09/01 00:06,012,800135E30,01362,80024FAA0,1096.59,US Dollar,1096.59,US Dollar,Credit Card,0
2022/09/01 00:20,00220,800250820,00220,800250820,222984.76,US Dollar,222984.76,US Dollar,Reinvestment,0
2022/09/01 00:09,010,8001C7260,010,800250DA0,3790.42,US Dollar,3790.42,US Dollar,Credit Card,0
2022/09/01 00:05,010,8001C7260,010,800250DA0,20474.47,US Dollar,20474.47,US Dollar,Cash,0
2022/09/01 00:27,01362,800251DA0,01362,800251DA0,305187.69,US Dollar,305187.69,US Dollar,Reinvestment,0
2022/09/01 00:29,01420,800251BB0,01420,800251BB0,324355.87,US Dollar,324355.87,US Dollar,Reinvestment,0
2022/09/01 00:11,03469,800252040,01420,800251BB0,0.01,US Dollar,0.01,US Dollar,Cheque,0
2022/09/01 00:02,03470,800252210,03470,800252210,93.09,US Dollar,93.09,US Dollar,Reinvestment,0
2022/09/01 00:23,01362,800252EE0,01362,800252EE0,1264.63,US Dollar,1264.63,US Dollar,Reinvestment,0
2022/09/01 00:26,001,800252F30,001,800252F30,10.80,US Dollar,10.80,US Dollar,Reinvestment,0
2022/09/01 00:13,001,800253C40,001,800253C40,81781.47,US Dollar,81781.47,US Dollar,Reinvestment,0
2022/09/01 00:04,010,8001CF7B0,001,800253C40,191283.31,US Dollar,191283.31,US Dollar,Cheque,0
2022/09/01 00:27,010,800251320,010,800251320,410932.57,US Dollar,410932.57,US Dollar,Reinvestment,0
2022/09/01 00:29,03206,800254580,01420,800251370,13792.71,US Dollar,13792.71,US Dollar,ACH,0
2022/09/01 00:16,00220,8002545D0,00220,8002545D0,8498.25,US Dollar,8498.25,US Dollar,Reinvestment,0
2022/09/01 00:20,03472,800254670,03472,800254670,14650.20,US Dollar,14650.20,US Dollar,Reinvestment,0
2022/09/01 00:13,001,8002552F0,001,8002552F0,139782.90,US Dollar,139782.90,US Dollar,Reinvestment,0
2022/09/01 00:12,001,800255870,001,800255870,10.28,US Dollar,10.28,US Dollar,Reinvestment,0
2022/09/01 00:09,001,800256410,001,800256410,2349759.64,US Dollar,2349759.64,US Dollar,Reinvestment,0
2022/09/01 00:07,010,80018DBD0,001,800256410,36263.22,US Dollar,36263.22,US Dollar,Cheque,0
2022/09/01 00:02,010,80018DBD0,001,800256410,24082.61,US Dollar,24082.61,US Dollar,Credit Card,0
2022/09/01 00:14,010,80018DBD0,001,800256410,409.45,US Dollar,409.45,US Dollar,Cash,0
2022/09/01 00:20,001,80005E740,01362,800256180,83065.84,US Dollar,83065.84,US Dollar,Cheque,0
2022/09/01 00:00,001,80005E740,01362,800256180,3698.20,US Dollar,3698.20,US Dollar,Credit Card,0
2022/09/01 00:02,001,80005E740,01362,800256180,23290.53,US Dollar,23290.53,US Dollar,Cash,0
2022/09/01 00:12,001,80005E740,01362,800256180,24486.26,US Dollar,24486.26,US Dollar,ACH,0
2022/09/01 00:11,001,80005E740,01362,800256180,19119.46,US Dollar,19119.46,US Dollar,Wire,0
2022/09/01 00:17,01292,800257E40,01292,800257E40,11.80,US Dollar,11.80,US Dollar,Reinvestment,0
2022/09/01 00:12,001,8002584D0,001,8002584D0,4.26,US Dollar,4.26,US Dollar,Reinvestment,0
2022/09/01 00:25,01362,8002589A0,01362,8002589A0,2999211.33,US Dollar,2999211.33,US Dollar,Reinvestment,0
2022/09/01 00:29,070,100428660,01362,8002589A0,26348.38,US Dollar,26348.38,US Dollar,Cheque,0
2022/09/01 00:29,070,100428660,01362,8002589A0,26136.82,US Dollar,26136.82,US Dollar,Credit Card,0
2022/09/01 00:07,070,100428660,01362,8002589A0,1678.60,US Dollar,1678.60,US Dollar,Cash,0
2022/09/01 00:25,01362,8002589A0,01362,8002589A0,23.97,US Dollar,23.97,US Dollar,Reinvestment,0
2022/09/01 00:02,00220,800259710,00220,800259710,3939.47,US Dollar,3939.47,US Dollar,Reinvestment,0
2022/09/01 00:23,00220,800259710,00220,800259710,16.51,US Dollar,16.51,US Dollar,Reinvestment,0
2022/09/01 00:15,001,800259980,001,800259980,248.72,US Dollar,248.72,US Dollar,Reinvestment,0
2022/09/01 00:05,010,800258E60,010,800258E60,7.48,US Dollar,7.48,US Dollar,Reinvestment,0
2022/09/01 00:21,01292,80025ABD0,01292,80025ABD0,5.42,US Dollar,5.42,US Dollar,Reinvestment,0
2022/09/01 00:29,070,100428660,01362,80025B860,24662.06,US Dollar,24662.06,US Dollar,Cheque,0
2022/09/01 00:27,070,100428660,01362,80025B860,3686.36,US Dollar,3686.36,US Dollar,Cash,0
2022/09/01 00:25,01362,80025B860,01362,80025B860,10.56,US Dollar,10.56,US Dollar,Reinvestment,0
2022/09/01 00:12,012,80025BBB0,012,80025BBB0,433824.59,US Dollar,433824.59,US Dollar,Reinvestment,0
2022/09/01 00:16,070,100428660,012,80025BBB0,337718.52,US Dollar,337718.52,US Dollar,Cheque,0
2022/09/01 00:17,070,100428660,012,80025BBB0,9272.86,US Dollar,9272.86,US Dollar,Credit Card,0
2022/09/01 00:09,01292,800213AD0,00220,80025CF70,883.54,US Dollar,883.54,US Dollar,Cheque,0
2022/09/01 00:11,01292,800213AD0,00220,80025CF70,7612.85,US Dollar,7612.85,US Dollar,Credit Card,0
2022/09/01 00:12,01420,80025CD30,01420,80025CD30,14956.62,US Dollar,14956.62,US Dollar,Reinvestment,0
2022/09/01 00:26,012,80025D320,012,80025D320,862.52,US Dollar,862.52,US Dollar,Reinvestment,0
2022/09/01 00:01,012,80022A3F0,012,80025CBF0,36804.93,US Dollar,36804.93,US Dollar,Cheque,0
2022/09/01 00:05,012,80022A3F0,012,80025CBF0,30659.92,US Dollar,30659.92,US Dollar,Cash,0
2022/09/01 00:00,01292,80025C6D0,01292,80025C6D0,22.66,US Dollar,22.66,US Dollar,Reinvestment,0
2022/09/01 00:15,01292,80025D230,01292,80025D230,14.86,US Dollar,14.86,US Dollar,Reinvestment,0
2022/09/01 00:05,01420,80025D780,01420,80025D780,6.58,US Dollar,6.58,US Dollar,Reinvestment,0
2022/09/01 00:09,01467,80025F840,01467,80025F840,112295.75,US Dollar,112295.75,US Dollar,Reinvestment,0
2022/09/01 00:22,01362,80025B690,01362,80025B690,490269.37,US Dollar,490269.37,US Dollar,Reinvestment,0
2022/09/01 00:06,00220,800257BA0,00220,800257BA0,2850759.23,US Dollar,2850759.23,US Dollar,Reinvestment,0
2022/09/01 00:08,03264,800258100,03264,800258100,5401.46,US Dollar,5401.46,US Dollar,Reinvestment,0
2022/09/01 00:20,010,80025B410,010,80025B410,3324.02,US Dollar,3324.02,US Dollar,Reinvestment,0
2022/09/01 00:27,00220,80025FDF0,016586,80BD22DC0,195.97,US Dollar,195.97,US Dollar,Credit Card,0
2022/09/01 00:18,012,800261100,012,800261100,818178.02,US Dollar,818178.02,US Dollar,Reinvestment,0
2022/09/01 00:03,03399,800261D70,01362,800261150,6937.66,US Dollar,6937.66,US Dollar,ACH,0
2022/09/01 00:25,001,800262700,001,800262700,9.91,US Dollar,9.91,US Dollar,Reinvestment,0
2022/09/01 00:25,01362,800262A10,01362,800262A10,9.80,US Dollar,9.80,US Dollar,Reinvestment,0
2022/09/01 00:24,00220,800263410,00220,800263410,162408.92,US Dollar,162408.92,US Dollar,Reinvestment,0
2022/09/01 00:00,00220,800263410,00220,800263410,24.87,US Dollar,24.87,US Dollar,Reinvestment,0
2022/09/01 00:26,010,800263960,010,800263960,21.14,US Dollar,21.14,US Dollar,Reinvestment,0
2022/09/01 00:14,070,100428660,001,8002640E0,9789.22,US Dollar,9789.22,US Dollar,Cheque,0
2022/09/01 00:14,070,100428660,001,8002640E0,627.28,US Dollar,627.28,US Dollar,Credit Card,0
2022/09/01 00:09,010,800263CC0,010,800263CC0,2290187.72,US Dollar,2290187.72,US Dollar,Reinvestment,0
2022/09/01 00:29,01467,800264DC0,01467,800264DC0,109145.06,US Dollar,109145.06,US Dollar,Reinvestment,0
2022/09/01 00:22,01467,800264DC0,01467,800264DC0,23.21,US Dollar,23.21,US Dollar,Reinvestment,0
2022/09/01 00:05,01362,800266160,01362,800266160,7.80,US Dollar,7.80,US Dollar,Reinvestment,0
2022/09/01 00:12,03433,800265F20,03433,800265F20,5177.24,US Dollar,5177.24,US Dollar,Reinvestment,0
2022/09/01 00:06,01362,8002663A0,01362,8002663A0,30.61,US Dollar,30.61,US Dollar,Reinvestment,0
2022/09/01 00:07,001,800266C90,001,800266C90,287571.21,US Dollar,287571.21,US Dollar,Reinvestment,0
2022/09/01 00:01,001,800266C90,001,800266C90,5.42,US Dollar,5.42,US Dollar,Reinvestment,0
2022/09/01 00:17,010,8002670F0,010,8002670F0,5.88,US Dollar,5.88,US Dollar,Reinvestment,0
2022/09/01 00:05,010,800267550,010,800267550,17.61,US Dollar,17.61,US Dollar,Reinvestment,0
2022/09/01 00:02,010,800268660,010,800268660,13187.85,US Dollar,13187.85,US Dollar,Reinvestment,0
2022/09/01 00:27,012,800268C40,012,800268C40,13.59,US Dollar,13.59,US Dollar,Reinvestment,0
2022/09/01 00:11,001,8002696B0,001,8002696B0,341050.49,US Dollar,341050.49,US Dollar,Reinvestment,0
2022/09/01 00:05,001,80026AC00,001,80026AC00,9.74,US Dollar,9.74,US Dollar,Reinvestment,0
2022/09/01 00:02,00220,80026B6A0,00220,80026B6A0,675192.17,US Dollar,675192.17,US Dollar,Reinvestment,0
2022/09/01 00:11,001,80026BBD0,001,80026BBD0,15220.46,US Dollar,15220.46,US Dollar,Reinvestment,0
2022/09/01 00:21,001,80026BBD0,001,80026BBD0,5.89,US Dollar,5.89,US Dollar,Reinvestment,0
2022/09/01 00:29,001,80026CDF0,001,80026CDF0,56558.87,US Dollar,56558.87,US Dollar,Reinvestment,0
2022/09/01 00:14,01467,80026CE40,01467,80026CE40,776.31,US Dollar,776.31,US Dollar,Reinvestment,0
2022/09/01 00:06,01467,80026CE40,01467,80026CE40,13.34,US Dollar,13.34,US Dollar,Reinvestment,0
2022/09/01 00:22,01420,80026D530,01420,80026D530,17907.41,US Dollar,17907.41,US Dollar,Reinvestment,0
2022/09/01 00:06,01420,80026D530,01420,80026D530,13.78,US Dollar,13.78,US Dollar,Reinvestment,0
2022/09/01 00:14,010,800268440,001,800268220,2024429.00,US Dollar,2024429.00,US Dollar,Cheque,0
2022/09/01 00:11,010,800268440,010,800268440,2014.21,US Dollar,2014.21,US Dollar,Reinvestment,0
2022/09/01 00:25,00220,800269450,00220,800269450,811.72,US Dollar,811.72,US Dollar,Reinvestment,0
2022/09/01 00:13,00220,8002694A0,00220,8002694A0,8770.84,US Dollar,8770.84,US Dollar,Reinvestment,0
2022/09/01 00:23,001,80026DA60,001,80026DA60,1379.64,US Dollar,1379.64,US Dollar,Reinvestment,0
2022/09/01 00:21,010,80026FCE0,010,80026FCE0,5265.98,US Dollar,5265.98,US Dollar,Reinvestment,0
2022/09/01 00:01,00220,8002680E0,0221731,80D4011A0,6.81,US Dollar,6.81,US Dollar,Credit Card,0
2022/09/01 00:08,001,800268220,017729,802EAF7D0,34.68,US Dollar,34.68,US Dollar,Credit Card,0
2022/09/01 00:21,03232,8001AC390,001,800255680,23.49,US Dollar,23.49,US Dollar,ACH,0
2022/09/01 00:05,00220,8001C6100,00220,8001C6100,35627.13,US Dollar,35627.13,US Dollar,Reinvestment,0
2022/09/01 00:14,010,8001C6730,010,8001C6730,12287.02,US Dollar,12287.02,US Dollar,Reinvestment,0
2022/09/01 00:23,001,8001CC140,001,8001CC140,411.47,US Dollar,411.47,US Dollar,Reinvestment,0
2022/09/01 00:16,03211,80022AF40,03211,80022AF40,2105.71,US Dollar,2105.71,US Dollar,Reinvestment,0
2022/09/01 00:10,01362,80022BEC0,01362,80022BEC0,461.89,US Dollar,461.89,US Dollar,Reinvestment,0
2022/09/01 00:18,01362,80024DB40,01362,80024DB40,2027.04,US Dollar,2027.04,US Dollar,Reinvestment,0
2022/09/01 00:04,00220,80024DB90,00220,80024DB90,114762.26,US Dollar,114762.26,US Dollar,Reinvestment,0
2022/09/01 00:06,001,80024E5B0,001,80024E5B0,42077.35,US Dollar,42077.35,US Dollar,Reinvestment,0
2022/09/01 00:21,00220,800250630,00220,800250630,83129.31,US Dollar,83129.31,US Dollar,Reinvestment,0
2022/09/01 00:29,03365,800250B60,03365,800250B60,11890.13,US Dollar,11890.13,US Dollar,Reinvestment,0
2022/09/01 00:21,01292,8002555E0,01292,8002555E0,29399.31,US Dollar,29399.31,US Dollar,Reinvestment,0
2022/09/01 00:17,001,800263180,001,800263180,25360.70,US Dollar,25360.70,US Dollar,Reinvestment,0
2022/09/01 00:10,03209,8002631D0,03209,8002631D0,1920.23,US Dollar,1920.23,US Dollar,Reinvestment,0
2022/09/01 00:23,00220,8001C9B30,010,800263220,617489.00,US Dollar,617489.00,US Dollar,Cheque,0
2022/09/01 00:12,01292,800263680,01292,800263680,6542.03,US Dollar,6542.03,US Dollar,Reinvestment,0
2022/09/01 00:29,01362,800263720,01362,800263720,3751.62,US Dollar,3751.62,US Dollar,Reinvestment,0
2022/09/01 00:02,01362,800265450,01362,800265450,61102.57,US Dollar,61102.57,US Dollar,Reinvestment,0
2022/09/01 00:26,03431,800267810,03431,800267810,2284.40,US Dollar,2284.40,US Dollar,Reinvestment,0
2022/09/01 00:04,012,8001A5230,012,8001A5230,3.81,US Dollar,3.81,US Dollar,Reinvestment,0
2022/09/01 00:21,01292,8001AC2A0,011296,803D25610,1177.90,US Dollar,1177.90,US Dollar,Credit Card,0
2022/09/01 00:10,00220,8001C6FD0,00220,8001C6FD0,12.45,US Dollar,12.45,US Dollar,Reinvestment,0
2022/09/01 00:13,001,8001C95B0,00908,8005F6EA0,9.13,US Dollar,9.13,US Dollar,Credit Card,0
2022/09/01 00:14,00220,8001CB040,00220,8001CB040,16.22,US Dollar,16.22,US Dollar,Reinvestment,0
2022/09/01 00:14,01362,8001CC190,01362,8001CC190,8.25,US Dollar,8.25,US Dollar,Reinvestment,0
2022/09/01 00:12,00220,80022CCD0,00220,80022CCD0,12.23,US Dollar,12.23,US Dollar,Reinvestment,0
2022/09/01 00:20,00220,80024DB90,00220,80024DB90,20.49,US Dollar,20.49,US Dollar,Reinvestment,0
2022/09/01 00:10,001,80024F4A0,00908,8005F6EA0,104.28,US Dollar,104.28,US Dollar,Credit Card,0
2022/09/01 00:11,01362,80024F540,01362,80024F540,16.37,US Dollar,16.37,US Dollar,Reinvestment,0
2022/09/01 00:24,00220,80024F5E0,00220,80024F5E0,15.69,US Dollar,15.69,US Dollar,Reinvestment,0
2022/09/01 00:09,00220,800251030,00220,800251030,13.05,US Dollar,13.05,US Dollar,Reinvestment,0
2022/09/01 00:08,010,800254D60,012,800EEECD0,6.59,US Dollar,6.59,US Dollar,Credit Card,0
2022/09/01 00:23,012,800257810,012,800257810,11.84,US Dollar,11.84,US Dollar,Reinvestment,0
2022/09/01 00:23,001,800263050,004866,805209300,82.72,US Dollar,82.72,US Dollar,Credit Card,0
2022/09/01 00:09,010,800263220,0211212,80684C220,71.15,US Dollar,71.15,US Dollar,Credit Card,0
2022/09/01 00:20,01292,800266A00,01292,800266A00,22.19,US Dollar,22.19,US Dollar,Reinvestment,0
2022/09/01 00:08,010,800279310,010,800279310,8.17,US Dollar,8.17,US Dollar,Reinvestment,0
2022/09/01 00:05,001,8000F7850,01467,80027F1C0,3099.95,US Dollar,3099.95,US Dollar,Cheque,0
2022/09/01 00:09,001,8000F7850,01467,80027F1C0,3044.97,US Dollar,3044.97,US Dollar,Credit Card,0
2022/09/01 00:26,012,80028AD20,012,80028AD20,3765.03,US Dollar,3765.03,US Dollar,Reinvestment,0
2022/09/01 00:08,03432,80028AB30,03432,80028AB30,1766.61,US Dollar,1766.61,US Dollar,Reinvestment,0
2022/09/01 00:20,03247,80028B4A0,03247,80028B4A0,2079.28,US Dollar,2079.28,US Dollar,Reinvestment,0
2022/09/01 00:28,01362,80028AAE0,01362,80028AAE0,10.24,US Dollar,10.24,US Dollar,Reinvestment,0
2022/09/01 00:01,001,80028B010,001,80028B010,9.44,US Dollar,9.44,US Dollar,Reinvestment,0
2022/09/01 00:09,01420,80028BC30,01420,80028BC30,22796.42,US Dollar,22796.42,US Dollar,Reinvestment,0
2022/09/01 00:23,01420,80028BC30,01420,80028BC30,12.41,US Dollar,12.41,US Dollar,Reinvestment,0
2022/09/01 00:15,01362,80028CB40,01362,80028CB40,383096.75,US Dollar,383096.75,US Dollar,Reinvestment,0
2022/09/01 00:02,001,80028C950,001,80028C950,75753.95,US Dollar,75753.95,US Dollar,Reinvestment,0
2022/09/01 00:26,010,800254D60,001,80028C950,8180.09,US Dollar,8180.09,US Dollar,Cheque,0
2022/09/01 00:08,012,80028D320,001,80028D3C0,86065798.00,US Dollar,86065798.00,US Dollar,ACH,0
2022/09/01 00:25,001,80028D3C0,002053,806A9DA10,19.10,US Dollar,19.10,US Dollar,Credit Card,0
2022/09/01 00:21,01362,80028F230,01362,80028F230,17.62,US Dollar,17.62,US Dollar,Reinvestment,0
2022/09/01 00:27,00220,800297BA0,00220,800297BA0,8.03,US Dollar,8.03,US Dollar,Reinvestment,0
2022/09/01 00:05,010,8002A4490,010,8002A4490,103857.90,US Dollar,103857.90,US Dollar,Reinvestment,0
2022/09/01 00:29,01292,8002B21D0,01292,8002B21D0,9.27,US Dollar,9.27,US Dollar,Reinvestment,0
2022/09/01 00:28,010,8002B4B00,010,8002B4B00,12910.75,US Dollar,12910.75,US Dollar,Reinvestment,0
2022/09/01 00:20,001,8002B62D0,001,8002B62D0,45252.06,US Dollar,45252.06,US Dollar,Reinvestment,0
2022/09/01 00:23,070,100428660,001,8002B62D0,306809.28,US Dollar,306809.28,US Dollar,Cheque,0
