Timestamp,From Bank,Account,To Bank,Account.1,Amount Received,Receiving Currency,Amount Paid,Payment Currency,Payment Format,Is Laundering
2022/09/01 15:24,43049,81006E290,245558,811546190,10690.49,Shekel,10690.49,Shekel,Cash,0
2022/09/01 00:21,70,100428660,1124,800825340,389769.39,US Dollar,389769.39,US Dollar,Cheque,1
2022/09/09 14:42,214529,804D79AA0,13659,80608C780,350038.03,Rupee,350038.03,Rupee,ACH,1
2022/09/02 02:03,214,80BEF3350,12,80C968440,1764760.78,Mexican Peso,1764760.78,Mexican Peso,ACH,0
2022/09/10 12:32,231212,80ED002D0,29715,80CB11750,44561.41,Yuan,44561.41,Yuan,ACH,1
2022/09/01 00:02,5140,813F88170,5140,813F88170,22.2,US Dollar,22.2,US Dollar,Reinvestment,0
2022/09/13 06:57,1490,8002D1950,28,8000B8AB0,282879.12,Mexican Peso,282879.12,Mexican Peso,ACH,1
2022/09/02 10:30,15,80A10B9C0,28317,80A939750,17109.88,Australian Dollar,17109.88,Australian Dollar,Credit Card,0
2022/09/06 18:14,410,801D86E90,1299,80263C970,1470.14,Euro,1470.14,Euro,Cheque,0
2022/09/03 11:06,3514,801ACBA10,21831,801ACC0E0,3385.54,Euro,3385.54,Euro,ACH,1
2022/09/02 08:54,2991,80104A3B0,110836,80DF15DE0,1040.08,US Dollar,1040.08,US Dollar,Cheque,0
2022/09/08 22:48,22828,8091E0B30,25981,809CAF060,15045.98,US Dollar,15045.98,US Dollar,Credit Card,0
2022/09/08 19:36,118,80E5E4710,116,80E8A6B40,166137.73,Swiss Franc,166137.73,Swiss Franc,ACH,0
2022/09/06 10:30,1292,8005BD570,21749,80154AAF0,196.38,Euro,196.38,Euro,ACH,1
2022/09/02 20:22,70,100428858,125575,8096A2A40,1382.81,Canadian Dollar,1382.81,Canadian Dollar,Cheque,0
2022/09/03 18:53,116,80F1AF380,1124,805F9C820,6986.5,US Dollar,6986.5,US Dollar,ACH,1
2022/09/05 22:16,217950,80B5B8CE0,23003,80B5BA320,671.34,Euro,671.34,Euro,ACH,1
2022/09/04 08:38,410,800637BD0,11056,800637D10,2679.53,Euro,2679.53,Euro,ACH,1
2022/09/08 22:40,2439,802C60E20,23842,802C627E0,3278.1,US Dollar,3278.1,US Dollar,ACH,1
2022/09/08 18:08,23842,8019C0990,18200,803616220,108970.89,Yuan,108970.89,Yuan,ACH,1
2022/09/03 16:16,143493,8105EED40,146484,81183FB50,67107.39,Shekel,67107.39,Shekel,Cheque,0
2022/09/01 00:02,12129,809AC7120,212048,809AC71C0,91527.0,Yen,91527.0,Yen,Cheque,0
2022/09/02 17:55,21387,8021A3BC0,5464,802E1FCF0,80.7,Euro,80.7,Euro,Cheque,0
2022/09/09 10:08,10709,80688EDC0,111121,80698E6A0,8016.54,Euro,8016.54,Euro,Credit Card,0
2022/09/09 07:52,20,803957B40,225622,80D9C9960,1762.06,Yuan,1762.06,Yuan,Cheque,0
2022/09/06 21:08,11405,800EE6B70,21749,801EC18E0,12155.7,Euro,12155.7,Euro,ACH,1
2022/09/08 21:41,216645,80AEAF070,28771,80E26E1D0,126064.24,US Dollar,126064.24,US Dollar,Wire,0
2022/09/13 05:30,21749,801F05EF0,21940,801928EE0,3676.61,US Dollar,3676.61,US Dollar,ACH,1
2022/09/09 19:35,143496,810617860,7,81225DDF0,870823.91,Rupee,870823.91,Rupee,ACH,1
2022/09/01 06:27,2824,8042918C0,15980,8042943C0,1048286.0,US Dollar,1048286.0,US Dollar,ACH,0
2022/09/06 22:00,213,8087ED2E0,213,8087ED4B0,833.46,Canadian Dollar,833.46,Canadian Dollar,ACH,1
2022/09/03 09:42,113523,8054100E0,16,804CEC8B0,510191.28,Rupee,510191.28,Rupee,ACH,1
2022/09/03 01:13,4,800072EF0,26302,809DACA80,6791.33,Canadian Dollar,6791.33,Canadian Dollar,ACH,1
2022/09/09 00:22,21,803B76D30,12019,80C3AB540,66647.76,Yen,66647.76,Yen,Credit Card,0
2022/09/12 18:33,21611,8051B3BF0,25960,80B44AC00,17064.59,Euro,17064.59,Euro,ACH,1
2022/09/05 02:58,220,80FF95870,220,810126370,13099.36,Shekel,13099.36,Shekel,Cheque,0
2022/09/01 00:28,21575,80DFDB700,21575,80DFDB700,1754.8,US Dollar,1754.8,US Dollar,Reinvestment,0
2022/09/05 01:28,8805,806689160,139342,80EB1E930,13631.38,Swiss Franc,13631.38,Swiss Franc,ACH,1
2022/09/02 15:12,20,801F97E90,26860,80ABDE970,608.13,Euro,608.13,Euro,Credit Card,0
2022/09/13 23:54,4403,80F962B10,908,800DD0D90,975.28,US Dollar,975.28,US Dollar,ACH,1
2022/09/03 12:07,20,8025D0DB0,12,8025D1420,3384.64,Euro,3384.64,Euro,ACH,1
2022/09/04 09:54,10,8001BB380,23,8000FBD00,3946.65,Euro,3946.65,Euro,ACH,1
2022/09/06 10:37,70,100428660,26592,80AAFD790,2250.11,US Dollar,2250.11,US Dollar,Cash,0
2022/09/03 02:24,16333,802CDC780,214621,8072203B0,10622.81,US Dollar,10622.81,US Dollar,ACH,1
2022/09/03 07:35,15,803B24460,1132,80BEC50F0,53430.23,Mexican Peso,53430.23,Mexican Peso,ACH,1
2022/09/02 08:55,213952,808338D40,20,803892E30,93566.3,Yuan,93566.3,Yuan,ACH,1
2022/09/08 18:11,795,8126984C0,221868,812698CC0,2049.29,US Dollar,2049.29,US Dollar,ACH,0
2022/09/06 17:43,24811,811A90B70,215803,8126E1F30,97.21,Euro,97.21,Euro,Cheque,0
2022/09/07 01:17,70,100428660,221332,80AE8E580,5116.48,US Dollar,5116.48,US Dollar,Cheque,0
2022/09/01 00:01,218755,808117B50,218755,808117B50,740.49,Euro,740.49,Euro,Reinvestment,0
2022/09/09 02:23,70,100428978,239604,80EF0F670,18.35,Swiss Franc,18.35,Swiss Franc,Cheque,0
2022/09/09 17:45,24482,801B85FF0,233603,812914140,2008.55,Euro,2008.55,Euro,Cheque,0
2022/09/02 08:00,11107,800E9F790,1547,8003541A0,9270.55,Euro,9270.55,Euro,ACH,1
2022/09/02 11:53,1244,8070C4AE0,17907,807109540,46327.79,US Dollar,46327.79,US Dollar,ACH,1
2022/09/08 03:04,111433,80BC08370,908,80BC083C0,17086.53,US Dollar,17086.53,US Dollar,ACH,1
2022/09/09 02:09,217096,80635C1A0,287,80635E580,203453.51,Ruble,203453.51,Ruble,ACH,1
2022/09/03 01:02,213,80C93DF00,22828,801928280,12449.87,US Dollar,12449.87,US Dollar,ACH,1
2022/09/02 06:37,4242,8026AE750,1467,8038BA630,865.67,US Dollar,865.67,US Dollar,Cheque,0
2022/09/10 04:23,21749,80154AAF0,11974,80192CF70,19848.07,US Dollar,19848.07,US Dollar,ACH,1
2022/09/07 05:29,19318,807E5BA60,128853,80E762610,570.08,Yuan,570.08,Yuan,Credit Card,0
2022/09/02 11:08,70,100428A51,53744,813C6F691,0.995281,Bitcoin,0.995281,Bitcoin,Bitcoin,1
2022/09/06 04:01,238845,80F499130,19535,80D655A00,15756.01,US Dollar,15756.01,US Dollar,ACH,1
2022/09/05 04:01,220,8003B9190,1124,8008BDDC0,903.51,US Dollar,903.51,US Dollar,Cheque,0
2022/09/01 19:09,21575,8028921C0,513,8028923F0,6681.57,US Dollar,6681.57,US Dollar,ACH,1
2022/09/09 06:23,118453,80AADBE80,118453,80AADBE80,211.23,Swiss Franc,230.85,US Dollar,ACH,0
2022/09/02 16:07,48309,811C599A0,119,811C597B0,796.07,Saudi Riyal,796.07,Saudi Riyal,ACH,1
2022/09/02 03:51,70,1004286A8,12004,811D01680,117478.75,Euro,117478.75,Euro,Cash,1
2022/09/01 00:20,1292,8005B8F70,1292,8005B8F70,93178.1,US Dollar,93178.1,US Dollar,Reinvestment,0
2022/09/03 01:56,220,80FD660D0,1198,80FE024C0,22.14,Shekel,22.14,Shekel,Credit Card,0
2022/09/02 23:43,221765,807EA10B0,221765,807FB4650,1502.04,UK Pound,1502.04,UK Pound,Cheque,0
2022/09/09 13:41,70,100428660,6129,803724140,33067.43,US Dollar,33067.43,US Dollar,Cheque,0
2022/09/06 18:15,24515,803131510,130425,80B43DFD0,195.98,US Dollar,195.98,US Dollar,Cheque,0
2022/09/06 12:28,254242,8142E2331,153706,8146FBBA1,0.014126,Bitcoin,0.014126,Bitcoin,Bitcoin,0
2022/09/01 14:00,6276,80D551FF0,6276,80D551FF0,3919.59,US Dollar,3919.59,US Dollar,Reinvestment,0
2022/09/02 19:17,212789,804D08440,15266,805BF0130,350398.14,Rupee,350398.14,Rupee,Cheque,0
2022/09/09 01:01,148389,811EDAA30,119,81235E8B0,16723.65,Saudi Riyal,16723.65,Saudi Riyal,ACH,1
2022/09/01 02:26,214621,806601C60,214621,806601C60,26201.96,US Dollar,26201.96,US Dollar,Reinvestment,0
2022/09/07 15:02,243614,81062E050,143496,810617860,37593.32,Shekel,37593.32,Shekel,ACH,1
2022/09/14 01:11,28,8000B8AB0,795,8007EC4D0,13701.3,US Dollar,13701.3,US Dollar,ACH,1
2022/09/09 15:20,34161,806942720,3514,806942310,349.15,Euro,349.15,Euro,ACH,0
2022/09/07 14:03,70,100428660,1,800057620,1619.79,US Dollar,1619.79,US Dollar,Cheque,1
2022/09/07 00:19,1547,803BCE770,410,800ECB540,16.59,Euro,16.59,Euro,Credit Card,0
2022/09/01 00:18,23,8013B16C0,23,8013B16C0,8.91,Euro,8.91,Euro,Reinvestment,0
2022/09/04 16:26,110,80CE0AD20,115,80CE0ADC0,36135.7,Brazil Real,36135.7,Brazil Real,ACH,1
2022/09/02 05:08,235509,80CE1D8B0,10,80CE4B580,16769.13,Brazil Real,16769.13,Brazil Real,Credit Card,0
2022/09/05 03:55,15,8039DD520,210261,80455D500,285057.17,Yen,285057.17,Yen,Cheque,0
2022/09/03 10:19,1674,800BDCFC0,3242,802ABCFA0,80798.46,US Dollar,80798.46,US Dollar,Cheque,0
2022/09/08 06:58,23842,8019C0990,701,80514DE20,13737.46,US Dollar,13737.46,US Dollar,ACH,1
2022/09/11 05:46,15863,807D147A0,1292,80AE68D00,2493.11,US Dollar,2493.11,US Dollar,ACH,1
2022/09/07 05:06,70,1004287C8,28,806666550,165552.7,Ruble,165552.7,Ruble,Credit Card,1
2022/09/05 09:14,30465,80DCDEA20,22062,808A3AF80,10074.3,Euro,10074.3,Euro,ACH,1
2022/09/10 03:50,222,812D127D0,50202,812D129C0,36309.01,Saudi Riyal,36309.01,Saudi Riyal,ACH,1
2022/09/07 07:33,14077,8017C4780,12,80BEC8340,277544.73,Mexican Peso,277544.73,Mexican Peso,ACH,1
2022/09/02 17:50,70,1004286A8,3655,80E2EDC30,19879.92,Euro,19879.92,Euro,Cheque,1
2022/09/08 08:02,22,800526C80,12,800288190,14134.54,Euro,14134.54,Euro,ACH,1
2022/09/07 12:51,30850,810FA0630,211,808476060,9286.52,UK Pound,9286.52,UK Pound,ACH,1
2022/09/09 21:49,70,100428978,240774,80F5197D0,43345.58,Swiss Franc,43345.58,Swiss Franc,Cheque,1
2022/09/07 18:23,8,809070070,19,809496420,3300.67,Canadian Dollar,3300.67,Canadian Dollar,Cheque,0
2022/09/08 05:48,225622,80B113F50,5627,80B1296D0,26178.66,Yuan,26178.66,Yuan,ACH,1
2022/09/04 23:41,245748,810F0D130,245558,810F0E390,12064.64,Shekel,12064.64,Shekel,ACH,1
2022/09/05 09:24,4766,8040A8FB0,2845,804E95B50,121853.09,US Dollar,121853.09,US Dollar,Cheque,0
2022/09/10 22:00,9129,80D7FA700,13327,80D7FBC70,203.1,US Dollar,203.1,US Dollar,ACH,1
2022/09/01 01:27,3242,801BF9690,22828,801BFA830,1609.83,US Dollar,1609.83,US Dollar,ACH,1
2022/09/07 13:05,119,811A76080,48681,811E4F090,5076.13,Saudi Riyal,5076.13,Saudi Riyal,Credit Card,0
2022/09/10 10:26,133826,8113D8850,120627,811AB7660,9577.84,US Dollar,9577.84,US Dollar,ACH,1
2022/09/09 04:08,70,100428660,7042,803AC08F0,5841.37,US Dollar,5841.37,US Dollar,Cheque,1
2022/09/01 00:16,24840,80FEFB690,24840,80FEFB690,9184.57,Euro,9184.57,Euro,Reinvestment,0
2022/09/09 23:29,117907,812E65790,32317,812E65830,3432.78,Euro,3432.78,Euro,ACH,1
2022/09/11 08:24,215186,80598ED20,8798,8054C12F0,2423.59,US Dollar,2423.59,US Dollar,ACH,1
2022/09/03 07:12,1547,800B952D0,15010,8051613A0,1763.73,Euro,1763.73,Euro,Cheque,0
2022/09/01 00:13,142836,811954B50,142836,811954B50,54.89,Shekel,54.89,Shekel,Reinvestment,0
2022/09/05 09:08,133452,80C980BB0,133590,80CBB1F30,14566.07,Mexican Peso,14566.07,Mexican Peso,Cheque,0
2022/09/02 17:02,249118,811EA7B80,27140,80331DE30,3525.56,Euro,3525.56,Euro,ACH,1
2022/09/03 08:54,2843,8005DB5B0,113523,805C64C90,790228.43,Rupee,790228.43,Rupee,ACH,1
2022/09/06 12:20,12,8010D4440,26818,8021F0F10,1981.18,Euro,1981.18,Euro,ACH,1
2022/09/06 04:47,222773,80862C930,122946,8083461B0,399.81,UK Pound,399.81,UK Pound,Cheque,0
2022/09/01 00:23,10,8007072A0,10,8007072A0,14.97,US Dollar,14.97,US Dollar,Reinvestment,0
2022/09/02 21:34,15695,808D1CC40,228321,80C62E0D0,48.63,US Dollar,48.63,US Dollar,Cheque,0
2022/09/13 12:10,14381,805C69E20,225263,80E6BFD50,958.79,US Dollar,958.79,US Dollar,ACH,1
2022/09/08 12:48,17327,803465880,10,80B389320,12833.01,US Dollar,12833.01,US Dollar,ACH,1
2022/09/10 01:05,2053,807D77F20,5836,808D50070,2603.73,US Dollar,2603.73,US Dollar,Cash,0
2022/09/02 13:44,225734,8095AF170,15,80AA3F780,11598.66,Australian Dollar,11598.66,Australian Dollar,ACH,1
2022/09/06 08:14,219969,80AC120A0,11904,801DB2C70,6381.11,US Dollar,6381.11,US Dollar,ACH,1
2022/09/07 16:43,18324,80721A5A0,9665,8039B4CB0,1953784.99,Yen,1953784.99,Yen,ACH,1
2022/09/10 01:49,20,80029BF80,2915,80258EEE0,912.66,Euro,912.66,Euro,Cheque,0
2022/09/06 19:43,10,8000F89F0,1601,805122650,3202.95,US Dollar,3202.95,US Dollar,Cheque,0
2022/09/08 05:41,235551,80CFC63C0,235874,80D66A5E0,934.11,Brazil Real,934.11,Brazil Real,Wire,0
2022/09/07 19:19,24869,809FE2FE0,235711,8106E01C0,1372.3,US Dollar,1372.3,US Dollar,Credit Card,0
2022/09/06 11:00,17610,80832C3E0,9679,803AB9C40,1888824.55,Yen,1888824.55,Yen,ACH,1
2022/09/02 04:42,210,80914FE80,210,8096E3260,3251.99,Canadian Dollar,3251.99,Canadian Dollar,Cheque,0
2022/09/09 17:32,6276,80D551FF0,1292,80AE68D00,15492.23,US Dollar,15492.23,US Dollar,ACH,1
2022/09/07 02:58,70,1004286A8,221198,80D096020,57.38,Euro,57.38,Euro,Cheque,0
2022/09/07 09:14,124371,80BCAB2A0,227080,811CAFA30,2805092.29,Euro,2805092.29,Euro,Cash,0
2022/09/09 10:56,1362,803F06EC0,8771,803F071E0,3524.22,US Dollar,3524.22,US Dollar,ACH,1
2022/09/02 23:35,133590,80C6E46E0,214,80CB23A10,21954.8,Mexican Peso,21954.8,Mexican Peso,Credit Card,0
2022/09/11 13:40,12381,803C75EA0,27684,80943E5F0,6206.76,Euro,6206.76,Euro,ACH,1
2022/09/06 02:14,70,1004288A0,228054,80A370450,165.06,Australian Dollar,165.06,Australian Dollar,Credit Card,1
2022/09/05 13:44,10709,8074728B0,13057,807B14D30,6326.79,Euro,6326.79,Euro,Credit Card,0
2022/09/01 00:15,22422,8084E0BC0,22422,8084E0BC0,22244.65,UK Pound,22244.65,UK Pound,Reinvestment,0
2022/09/01 12:22,1,800699BC0,17732,8030D3D60,259.78,US Dollar,259.78,US Dollar,Cheque,0
2022/09/04 15:52,117299,80A6C74F0,115249,808595F50,712.98,US Dollar,712.98,US Dollar,ACH,1
2022/09/01 10:34,238845,80E199FA0,116,80E199DC0,887.09,Swiss Franc,887.09,Swiss Franc,ACH,0
2022/09/05 03:09,4242,80BF0EAD0,124284,80BF0ED00,3169.1,US Dollar,3169.1,US Dollar,ACH,1
2022/09/08 00:26,70,100428780,112931,805364970,11478.81,Rupee,11478.81,Rupee,Cheque,0
2022/09/01 00:27,13345,801B3BCF0,13345,801B3BCF0,18.38,Euro,18.38,Euro,Reinvestment,0
2022/09/05 04:27,1665,80054B110,224866,80A3D5920,8511.88,US Dollar,8511.88,US Dollar,Cheque,0
2022/09/08 00:15,27103,8089FE450,3655,801A73050,4.93,Euro,4.93,Euro,Credit Card,0
2022/09/08 22:20,10057,803B44B40,10057,803EF2C60,140004.68,Yen,140004.68,Yen,Cheque,0
2022/09/11 08:57,21611,8051B3BF0,19535,80BAFF4A0,1460.12,US Dollar,1460.12,US Dollar,ACH,1
2022/09/06 08:31,1665,80533E240,15863,805567CC0,8577.55,Euro,8577.55,Euro,Cheque,0
2022/09/09 13:18,14387,8066FE780,216645,80715E8E0,63.3,US Dollar,63.3,US Dollar,Credit Card,0
2022/09/03 17:30,7,80766F800,26,8076FEEA0,20.36,UK Pound,20.36,UK Pound,Cash,0
2022/09/05 17:55,70,1004287C8,28,806AC2300,369638.46,Ruble,369638.46,Ruble,Cash,0
2022/09/08 09:11,11128,8045F4500,19729,806475830,1070.46,US Dollar,1070.46,US Dollar,ACH,1
2022/09/05 03:46,225215,80961D1C0,25665,80996FF40,11003.31,Canadian Dollar,11003.31,Canadian Dollar,ACH,0
2022/09/07 08:13,2843,80FBDD530,239453,80E57ABE0,13811.26,Swiss Franc,13811.26,Swiss Franc,ACH,1
2022/09/04 17:08,11056,80154DD60,1655,80154DDB0,2310.89,Euro,2310.89,Euro,ACH,1
2022/09/01 21:57,127760,80D3382E0,126783,80D338550,319696.66,US Dollar,319696.66,US Dollar,Cheque,0
2022/09/02 15:41,18107,803954C40,5627,8048A33E0,89290.61,Yuan,89290.61,Yuan,Cheque,0
2022/09/08 16:22,15040,8111CA220,38478,80EDE0B20,1399.61,Swiss Franc,1399.61,Swiss Franc,ACH,1
2022/09/11 05:16,21611,808D6F2D0,221527,809C46E10,19410.96,US Dollar,19410.96,US Dollar,ACH,1
2022/09/02 10:21,1588,800F4AF50,6129,8027D1A30,14703.24,US Dollar,14703.24,US Dollar,Cheque,0
2022/09/09 10:47,1292,8042727B0,215841,80D678770,2451.52,US Dollar,2451.52,US Dollar,Cheque,0
2022/09/10 02:20,1601,804DE5B20,9371,809891910,124.05,US Dollar,124.05,US Dollar,Cheque,0
2022/09/04 00:03,1124,800D1B6A0,1686,801386B60,1804.07,US Dollar,1804.07,US Dollar,Credit Card,0
2022/09/02 17:54,148350,812D0C3C0,148350,811FFF630,30234.15,Saudi Riyal,30234.15,Saudi Riyal,ACH,1
2022/09/03 05:39,227143,80C9CEC30,17321,809F265F0,8392.24,Euro,8392.24,Euro,ACH,1
2022/09/01 08:37,7,80628D150,116843,80646FAD0,484649.3,Ruble,484649.3,Ruble,Credit Card,0
2022/09/01 09:58,18200,80BC71240,225622,80BC51040,1268583.0,Yuan,1268583.0,Yuan,ACH,0
2022/09/05 16:18,1,80066ADC0,36868,80D889B30,204851.15,Brazil Real,204851.15,Brazil Real,Cheque,0
2022/09/05 13:11,16927,8063C3180,117143,806ADB220,4034.93,Ruble,4034.93,Ruble,Cash,0
2022/09/02 16:14,33151,803315610,11318,8032DFE60,395.06,US Dollar,395.06,US Dollar,Cheque,0
2022/09/07 07:32,7675,8093BA230,19474,80DA6F420,1338.15,US Dollar,1338.15,US Dollar,ACH,1
2022/09/07 10:36,28827,80EC53970,22732,80EC539C0,2774.41,US Dollar,2774.41,US Dollar,ACH,1
2022/09/05 16:38,1588,801887E70,112733,805409060,1452953.54,Rupee,1452953.54,Rupee,ACH,1
2022/09/07 15:12,70,1004288A0,129293,80B0BDFC0,131.9,Australian Dollar,131.9,Australian Dollar,Cheque,1
2022/09/05 14:44,70,100428A51,225,814699C31,1.198922,Bitcoin,1.198922,Bitcoin,Bitcoin,0
2022/09/01 20:35,11974,8066E2C20,5394,8077061B0,7333.43,US Dollar,7333.43,US Dollar,Cheque,0
2022/09/01 22:10,337629,80E25FE80,137218,80E25F950,3106.44,Swiss Franc,3106.44,Swiss Franc,ACH,0
2022/09/04 02:08,70,1004288A0,28416,80A8A0180,4.27,Australian Dollar,4.27,Australian Dollar,Cheque,0
2022/09/03 16:10,1588,801856350,111764,807DD0FB0,19370.62,US Dollar,19370.62,US Dollar,ACH,1
2022/09/07 09:34,23537,8018514B0,28237,80AA72BA0,4917.74,Australian Dollar,4917.74,Australian Dollar,ACH,1
2022/09/06 17:14,1522,800C68D20,21387,800E66B10,16058.87,Euro,16058.87,Euro,Credit Card,0
2022/09/02 13:30,213952,808338D40,9482,806694250,8514.12,US Dollar,8514.12,US Dollar,ACH,1
2022/09/12 12:18,1502,8014063B0,1457,800FF9AA0,3728.05,US Dollar,3728.05,US Dollar,ACH,1
2022/09/05 06:22,237316,80EBC6370,224866,80D151C70,2178.37,US Dollar,2178.37,US Dollar,ACH,1
2022/09/02 01:48,223,811E4E860,119,811E4EC90,7251.17,Saudi Riyal,7251.17,Saudi Riyal,ACH,1
2022/09/11 18:55,231706,80DD5E610,14099,80FBE30B0,16379.03,US Dollar,16379.03,US Dollar,ACH,1
2022/09/01 11:06,70,100428660,37964,80E158220,3.21,US Dollar,3.21,US Dollar,Cash,1
2022/09/03 14:54,136353,80D6DC9F0,13078,8053B01E0,421547.26,Rupee,421547.26,Rupee,ACH,1
2022/09/01 00:04,15231,8027B2C00,220967,81017B8F0,1357.72,Euro,1357.72,Euro,Cheque,0
2022/09/05 10:38,133826,8115289D0,120046,811525170,4934.64,US Dollar,4934.64,US Dollar,ACH,0
2022/09/10 03:36,15010,8069E70C0,24144,80E2ECD80,2224.1,Euro,2224.1,Euro,Cash,0
2022/09/10 09:47,214749,805DB7F20,14549,801D08580,12729.42,US Dollar,12729.42,US Dollar,ACH,1
2022/09/01 22:26,48309,811C599A0,119,811C597B0,48972.89,Saudi Riyal,48972.89,Saudi Riyal,ACH,1
2022/09/08 06:10,22575,808C0E7A0,1547,8028F2650,6354.61,Euro,6354.61,Euro,ACH,1
2022/09/03 04:26,113744,8116A64B0,228321,811706930,1588.82,US Dollar,1588.82,US Dollar,ACH,1
2022/09/03 02:56,18617,80394DF10,13145,804D8E710,2540.0,US Dollar,2540.0,US Dollar,Credit Card,0
2022/09/02 07:24,323239,80FBF8CA0,225263,80FBF9180,160.62,US Dollar,160.62,US Dollar,Cheque,0
2022/09/05 02:47,70,1004286A8,21745,80388A540,2026.82,Euro,2026.82,Euro,Cash,0
2022/09/12 11:04,119,8000DB3C0,223,811A65E30,15008.58,Saudi Riyal,15008.58,Saudi Riyal,ACH,1
2022/09/01 08:29,148350,811FFF630,148350,812D0C3C0,72231.01,Saudi Riyal,72231.01,Saudi Riyal,ACH,1
2022/09/05 04:09,23,8000EF220,12,80023E6E0,37.34,Euro,37.34,Euro,Credit Card,0
2022/09/07 12:02,210319,803CC8F60,25866,80E27AA10,12754.41,Euro,12754.41,Euro,ACH,1
2022/09/09 21:45,1292,804627160,2053,80A0F3930,143.49,US Dollar,143.49,US Dollar,Wire,0
2022/09/04 13:45,245093,810CC58D0,245558,8115AD860,699.36,Shekel,699.36,Shekel,Cheque,0
2022/09/02 23:10,238190,80F71CC80,41745,80F751690,282889.91,Swiss Franc,282889.91,Swiss Franc,Cheque,0
2022/09/11 17:46,225690,80ABA62A0,111425,80AE269B0,14498.35,US Dollar,14498.35,US Dollar,ACH,1
2022/09/02 13:21,1501,800981370,1420,8002B9DE0,2847.53,US Dollar,2847.53,US Dollar,ACH,1
2022/09/08 04:38,70,100428660,20226,80B535C20,675.92,US Dollar,675.92,US Dollar,Cash,1
2022/09/09 10:29,148350,81202C920,148348,81202D5D0,2862.98,Saudi Riyal,2862.98,Saudi Riyal,ACH,1
2022/09/02 22:55,25202,80948B400,25202,809524230,1223.12,Canadian Dollar,1223.12,Canadian Dollar,Wire,0
2022/09/06 11:01,19,80948BAB0,25534,809D85BE0,413.88,Canadian Dollar,413.88,Canadian Dollar,Cheque,0
2022/09/10 08:40,22,8000EFAA0,22,8001BD460,3589.05,Euro,3589.05,Euro,ACH,1
2022/09/05 03:51,70,100428660,215841,805E98B50,1274.73,US Dollar,1274.73,US Dollar,Credit Card,1
2022/09/02 17:39,28694,8075535A0,8771,807555770,2582.81,US Dollar,2582.81,US Dollar,ACH,1
2022/09/02 18:45,5,807667DF0,23289,812CAB630,2048.54,UK Pound,2048.54,UK Pound,Credit Card,0
2022/09/07 18:14,71,80563D160,1547,8028F2650,16923.14,Euro,16923.14,Euro,ACH,1
2022/09/08 10:11,111326,80EBF1580,13145,80145D800,15015.53,US Dollar,15015.53,US Dollar,ACH,1
2022/09/04 07:42,21831,80337CB30,25768,80DD458F0,9.78,Euro,9.78,Euro,ACH,0
2022/09/08 22:00,220572,807E03150,21884,808862FD0,62.15,UK Pound,62.15,UK Pound,Credit Card,0
2022/09/02 00:57,908,800957210,1674,8003B8230,19361.27,US Dollar,19361.27,US Dollar,ACH,1
2022/09/11 13:55,1292,800DF30E0,112497,804D99520,449279.44,Rupee,449279.44,Rupee,ACH,1
2022/09/04 19:32,22806,801F99700,15231,80FFE7970,47.95,Euro,47.95,Euro,Cheque,0
2022/09/01 00:40,22575,80875F1B0,122047,808B27B70,20.29,UK Pound,20.29,UK Pound,Wire,0
2022/09/10 10:38,1655,8010D1180,13083,808A02960,16382.13,Euro,16382.13,Euro,ACH,1
2022/09/06 21:47,19535,810EF7960,18549,810EF7A00,1156.23,US Dollar,1156.23,US Dollar,ACH,1
2022/09/06 13:08,39721,80F203B70,13667,805438E60,923851.69,Rupee,923851.69,Rupee,ACH,1
2022/09/03 11:56,19477,80A948DB0,19740,80A9491C0,18875.95,Yuan,18875.95,Yuan,ACH,1
2022/09/01 00:23,31546,80179E160,23842,8018698E0,7875.73,US Dollar,7875.73,US Dollar,ACH,0
2022/09/09 00:20,154477,814799991,126,813F46D51,0.003415,Bitcoin,0.003415,Bitcoin,Bitcoin,0
2022/09/05 16:13,121987,808671D00,7,8087E02D0,24554.07,UK Pound,24554.07,UK Pound,ACH,0
2022/09/02 00:28,70,1004286A8,18180,80775D2D0,87.01,Euro,87.01,Euro,Cheque,1
2022/09/13 10:36,1420,8051BABA0,16388,81211ED00,1370.19,Euro,1370.19,Euro,ACH,1
2022/09/11 13:24,25981,802A66370,15,803DE4A90,484853.35,Yen,484853.35,Yen,ACH,1
2022/09/05 11:44,13327,801A89830,22205,801E3FFA0,10280.39,US Dollar,10280.39,US Dollar,Credit Card,0
2022/09/02 15:18,29251,803E80C10,111433,807B9CBA0,45738.4,US Dollar,45738.4,US Dollar,Cheque,0
2022/09/05 16:14,21174,800CBC790,24161,809CDC100,2263.69,US Dollar,2263.69,US Dollar,Wire,0
2022/09/01 09:06,15231,80266F880,23691,8021353D0,25.22,Euro,25.22,Euro,ACH,1
2022/09/06 16:30,70,100428660,122151,81112BB40,214.0,US Dollar,214.0,US Dollar,Credit Card,1
2022/09/07 01:35,2439,8026C9B20,16224,803E36FF0,38.35,US Dollar,38.35,US Dollar,Cheque,0
2022/09/08 16:20,1299,8009D3030,111764,807081420,13257.33,US Dollar,13257.33,US Dollar,ACH,1
2022/09/11 11:36,20,802792890,15055,805EF85E0,15478.11,Euro,15478.11,Euro,ACH,1
2022/09/08 23:09,16031,80DE564F0,129470,80DE56A30,3216.72,US Dollar,3216.72,US Dollar,ACH,1
2022/09/01 16:31,70,1004286A8,112354,811614660,31.44,Euro,31.44,Euro,Cheque,1
2022/09/01 00:13,19318,8039993F0,19318,8039993F0,924133.76,Yuan,924133.76,Yuan,Reinvestment,0
2022/09/10 08:11,121453,80D33CDA0,228321,80D340ED0,19714.13,US Dollar,19714.13,US Dollar,ACH,1
2022/09/01 05:10,212,8076AB0B0,7,8087BDA00,1777.03,UK Pound,1777.03,UK Pound,Cheque,0
2022/09/08 07:04,21749,80154AAF0,11,80069EE60,9836.0,Euro,9836.0,Euro,ACH,1
2022/09/09 12:57,70,100428A08,222,8119FD960,207161.5,Saudi Riyal,207161.5,Saudi Riyal,Cheque,1
2022/09/09 02:07,15730,80BE09FA0,138016,80E3B2450,421259.29,US Dollar,421259.29,US Dollar,Cheque,0
2022/09/04 08:35,40653,80F11B9F0,39556,80F11BA90,1113.49,Swiss Franc,1113.49,Swiss Franc,ACH,1
2022/09/10 07:32,19925,803B70100,19888,8079DDC30,7287.29,US Dollar,7287.29,US Dollar,ACH,1
2022/09/03 19:52,40312,80F52D550,23370,80BEA98A0,11975.53,UK Pound,11975.53,UK Pound,ACH,1
2022/09/01 00:06,8595,810324B10,8595,810324B10,8.18,US Dollar,8.18,US Dollar,Reinvestment,0
2022/09/07 09:20,223026,808A522C0,210617,808EF7D50,14842.75,Euro,14842.75,Euro,Cash,0
2022/09/06 17:24,3144,8057E7700,4726,8066C4CE0,1363.23,US Dollar,1363.23,US Dollar,Cheque,0
2022/09/07 05:06,22758,80B78BF80,29814,80BBD74E0,27828.64,Euro,27828.64,Euro,ACH,0
2022/09/07 13:06,50528,812D0C600,148350,811FFF630,70422.21,Saudi Riyal,70422.21,Saudi Riyal,ACH,1
2022/09/09 16:47,1665,813E8EF20,7548,813E8F280,1287.54,Euro,1287.54,Euro,ACH,1
2022/09/09 04:42,70,100428660,137196,811C5CDB0,1225.19,US Dollar,1225.19,US Dollar,Cash,1
2022/09/03 12:16,21745,803366440,18097,803144A90,46734.02,Yuan,46734.02,Yuan,ACH,1
2022/09/07 15:54,13184,8054913D0,410,8002F2E90,12268.52,Euro,12268.52,Euro,ACH,1
2022/09/06 10:33,11,80022DF30,23,800239FA0,1732.78,Euro,1732.78,Euro,Credit Card,0
2022/09/02 06:53,18135,8036B3520,13067,807E52520,27447.9,Yuan,27447.9,Yuan,ACH,0
2022/09/03 22:42,23538,80D018930,222363,80D018D90,37314.94,US Dollar,37314.94,US Dollar,ACH,1
2022/09/01 00:24,220,800B37050,13327,802CACC00,5591.85,US Dollar,5591.85,US Dollar,Wire,0
2022/09/08 18:39,111031,80442C3F0,15,80442C490,501228.21,Yen,501228.21,Yen,ACH,1
2022/09/08 13:53,22,80023CE80,23,8001B9E90,15713.83,Euro,15713.83,Euro,ACH,1
2022/09/13 12:50,11808,804622AD0,15,803DE4A90,1509335.0,Yen,1509335.0,Yen,ACH,1
2022/09/09 04:36,10,8004232E0,11899,80511CF10,422.33,US Dollar,422.33,US Dollar,Cheque,0
2022/09/08 18:47,70,1004286F0,131928,80EFBC250,208700.98,Yuan,208700.98,Yuan,Cash,0
2022/09/02 00:11,131687,80D22A330,17863,80855A1B0,67.81,Euro,67.81,Euro,Credit Card,0
2022/09/09 06:30,220541,80875E6F0,22091,8090206F0,98.51,UK Pound,98.51,UK Pound,Cheque,0
2022/09/05 05:21,20486,807EF78D0,21745,80AA68C00,4710.67,Euro,4710.67,Euro,ACH,1
2022/09/01 00:24,27995,80AC63790,27995,80AC63790,15.09,Australian Dollar,15.09,Australian Dollar,Reinvestment,0
2022/09/05 14:56,23842,805448640,210404,8118E51D0,48.01,US Dollar,48.01,US Dollar,Cheque,0
2022/09/05 15:43,410,80213CD20,151121,81366D3D0,803.98,Euro,803.98,Euro,Cheque,0
2022/09/09 06:43,17327,805F893E0,11899,80742F7B0,257.22,US Dollar,257.22,US Dollar,Cheque,0
2022/09/09 02:12,15,800046DE0,15,803696170,813.61,Yen,813.61,Yen,Wire,0
2022/09/01 00:15,228009,80A5CBD90,128557,80AA8C950,2787028.11,Australian Dollar,2787028.11,Australian Dollar,ACH,0
2022/09/06 08:45,236685,80F2B45F0,123773,8101F5EF0,218.03,US Dollar,218.03,US Dollar,Wire,0
2022/09/01 17:25,6129,80353EC00,16535,80E162BD0,1098.25,US Dollar,1098.25,US Dollar,Cheque,0
2022/09/05 06:27,410,800314290,1547,800314A50,3025.76,Euro,3025.76,Euro,ACH,1
2022/09/02 00:22,40905,80F188EA0,40836,80F5D3E40,7.66,Swiss Franc,7.66,Swiss Franc,Credit Card,0
2022/09/06 18:22,22155,808D89450,2454,80B8BB1D0,15364.21,US Dollar,15364.21,US Dollar,ACH,1
2022/09/03 17:33,225734,8095AF170,9129,80623F410,6442.75,US Dollar,6442.75,US Dollar,ACH,1
2022/09/04 14:59,24,80007A550,21918,8053168D0,13144.18,Euro,13144.18,Euro,ACH,1
2022/09/01 12:06,15,80A10CBD0,15,80A10D150,1196.34,Australian Dollar,1196.34,Australian Dollar,ACH,1
2022/09/02 13:42,21940,80C5AEED0,226350,80B3748B0,16879.69,Euro,16879.69,Euro,ACH,1
2022/09/01 23:43,7,80614B090,7,80614B090,18842740.33,Ruble,18842740.33,Ruble,Reinvestment,0
2022/09/01 14:04,21568,807E6CB10,121987,808126B20,1488.25,UK Pound,1488.25,UK Pound,Credit Card,0
2022/09/06 16:45,127760,80CD01840,26302,809DACA80,17663.44,Canadian Dollar,17663.44,Canadian Dollar,ACH,1
2022/09/08 21:09,513,800579F60,908,8007322A0,97.58,US Dollar,97.58,US Dollar,Cash,0
2022/09/10 10:22,5464,80210DB60,30697,812963E70,150.68,Euro,150.68,Euro,Credit Card,0
2022/09/07 04:03,21174,801CBC280,124331,813AD51D0,13080.67,US Dollar,13080.67,US Dollar,Credit Card,0
2022/09/01 00:06,210431,8119AEDC0,210431,8119AEDC0,7007.98,Euro,7007.98,Euro,Reinvestment,0
2022/09/01 17:54,70,1004286A8,115656,8088DB020,3110.06,Euro,3110.06,Euro,Cheque,0
2022/09/01 17:44,223649,8091D1780,13264,80662F8F0,8390.92,US Dollar,8390.92,US Dollar,ACH,1
2022/09/02 00:46,70,1004287C8,28,8064DB6B0,79736.7,Ruble,79736.7,Ruble,Cheque,1
2022/09/08 11:27,231744,80C1898B0,17863,810C289B0,15113.51,Euro,15113.51,Euro,ACH,1
2022/09/09 18:32,10605,803E54B60,9665,803E556E0,331886.26,Yen,331886.26,Yen,ACH,1
2022/09/06 00:14,70,1004286A8,27402,80B1B5720,134013.14,Euro,134013.14,Euro,Cheque,1
2022/09/05 10:15,28094,80ADDD6C0,128590,80B7023A0,8.85,Australian Dollar,8.85,Australian Dollar,Cheque,0
2022/09/01 05:32,222,811B9DFE0,148016,811E4E460,271.09,Saudi Riyal,271.09,Saudi Riyal,Cheque,0
2022/09/05 23:21,1467,801A79DF0,3698,80C34AD00,38.61,US Dollar,38.61,US Dollar,Cash,0
2022/09/07 21:13,3242,80197B850,2947,801A78480,572.99,US Dollar,572.99,US Dollar,Credit Card,0
2022/09/03 16:22,150240,812D22980,222,811B83280,45292.05,Saudi Riyal,45292.05,Saudi Riyal,ACH,1
2022/09/03 02:02,239604,80EB41570,139298,80EB417E0,1273.32,Swiss Franc,1273.32,Swiss Franc,ACH,1
2022/09/04 21:01,15,80A87DBC0,28603,80A87DCB0,3368.17,Australian Dollar,3368.17,Australian Dollar,ACH,1
2022/09/01 00:59,70,1004286A8,112354,8072445F0,20.24,Euro,20.24,Euro,Credit Card,1
2022/09/03 01:49,214,80916AFC0,122055,8091A0300,213.46,Canadian Dollar,213.46,Canadian Dollar,Cheque,0
2022/09/04 16:56,48309,811C599A0,119,811C597B0,24189.19,Saudi Riyal,24189.19,Saudi Riyal,ACH,1
2022/09/01 00:02,701,800717F40,3229,80427B900,7447.41,US Dollar,7447.41,US Dollar,Cheque,0
2022/09/07 18:41,21918,800AEABB0,5425,8053088C0,390.65,Euro,390.65,Euro,Cheque,0
2022/09/08 03:28,70,1004286A8,27920,804B708E0,268.33,Euro,268.33,Euro,Cheque,1
2022/09/06 20:19,1198,810083940,243897,8100571D0,27895.38,Shekel,27895.38,Shekel,Cheque,0
2022/09/03 14:42,21745,803366440,14650,801EA1CE0,9304.22,Euro,9304.22,Euro,ACH,1
2022/09/09 00:23,15723,810226150,513,80127A4C0,122.45,US Dollar,122.45,US Dollar,Credit Card,0
2022/09/01 05:02,70,100428A08,48308,8129A3AB0,1252.07,Saudi Riyal,1252.07,Saudi Riyal,Cheque,0
2022/09/13 06:13,15055,80C54A950,11128,80465E020,218720.89,Yen,218720.89,Yen,ACH,1
2022/09/09 17:10,9679,803EB88F0,15,803F485B0,622677.23,Yen,622677.23,Yen,Cheque,0
2022/09/01 23:57,143242,81003BD90,243947,810253A80,126.33,Shekel,126.33,Shekel,Credit Card,0
2022/09/07 01:05,29794,8147F2400,1547,81484C700,374.39,Euro,374.39,Euro,ACH,1
2022/09/05 16:21,14650,801EA1CE0,112931,805D4C850,840441.34,Rupee,840441.34,Rupee,ACH,1
2022/09/02 07:55,1467,800E322B0,1,803D8FD30,797.75,US Dollar,797.75,US Dollar,Cheque,0
2022/09/05 13:59,43818,810788F20,143242,8108BFDC0,1296.59,Shekel,1296.59,Shekel,Credit Card,0
2022/09/03 22:22,70,100428A51,255657,8146E2F71,0.023237,Bitcoin,0.023237,Bitcoin,Bitcoin,0
2022/09/06 02:13,23537,808BDC6F0,47640,8147562B0,224.34,US Dollar,224.34,US Dollar,Credit Card,0
2022/09/05 19:24,39721,80EA4CD60,240018,80F4F5380,1375.71,Swiss Franc,1375.71,Swiss Franc,Cheque,0
2022/09/10 12:33,126191,809D2B0F0,225263,80E6BFD50,17176.41,US Dollar,17176.41,US Dollar,ACH,1
2022/09/07 13:05,210431,809BFD6B0,27995,80A478E10,3780.25,Australian Dollar,3780.25,Australian Dollar,ACH,1
2022/09/02 21:15,1047,80077B1F0,213580,8052E1870,1091.77,US Dollar,1091.77,US Dollar,Cheque,0
2022/09/13 03:00,213137,8062E7A30,11128,80465E020,1641584.88,Yen,1641584.88,Yen,ACH,1
2022/09/02 03:14,38780,803BDC190,70,100428660,289.01,US Dollar,289.01,US Dollar,Cash,0
2022/09/07 23:25,5836,80DEE3B40,3149,80156DE70,18377.1,US Dollar,18377.1,US Dollar,ACH,1
2022/09/01 06:47,150240,812D22980,48309,811C599A0,27247.23,Saudi Riyal,27247.23,Saudi Riyal,ACH,1
2022/09/01 00:17,321660,80F9A1340,321660,80F9A1340,148716.2,Yuan,148716.2,Yuan,Reinvestment,0
2022/09/09 20:25,117660,8102C5110,12963,813C068A0,3241.18,Euro,3241.18,Euro,Cheque,0
2022/09/08 16:16,2591,800AEAC00,1502,8009FD120,261675.02,Euro,261675.02,Euro,ACH,1
2022/09/08 19:23,12719,80117B080,1674,8027AF0D0,4.36,US Dollar,4.36,US Dollar,Credit Card,0
2022/09/01 17:05,1522,800587B60,2454,802679190,5949.73,US Dollar,5949.73,US Dollar,ACH,1
2022/09/02 14:07,5425,804E2D1D0,29069,805396BA0,394.49,Euro,394.49,Euro,Cheque,0
2022/09/07 03:43,210261,8040E7B70,24,8040EB1E0,395337.61,Yen,395337.61,Yen,ACH,1
2022/09/01 02:42,34832,808663990,34832,808663990,831.68,Euro,831.68,Euro,Reinvestment,0
2022/09/14 06:24,27365,80DE18E90,41407,80F454910,7731.5,Swiss Franc,7731.5,Swiss Franc,ACH,1
2022/09/06 14:51,2843,802C6BE90,32375,80F6440B0,1712.51,US Dollar,1712.51,US Dollar,Cash,0
2022/09/02 09:48,70,1004286A8,29794,8058171C0,313.14,Euro,313.14,Euro,Cheque,0
2022/09/05 17:34,2824,8016F2430,215687,80D3888C0,9450.33,US Dollar,9450.33,US Dollar,Credit Card,0
2022/09/06 13:05,227786,80E47F580,221374,80854F3A0,1473.69,US Dollar,1473.69,US Dollar,ACH,1
2022/09/08 07:08,22345,8010D4FC0,1132,80C981A10,110995.29,Mexican Peso,110995.29,Mexican Peso,ACH,1
2022/09/02 09:59,8805,808581830,2952,80FBD8DB0,119.62,US Dollar,119.62,US Dollar,ACH,0
2022/09/02 17:02,70,100428660,123102,80D2ACC90,25284.76,US Dollar,25284.76,US Dollar,Credit Card,1
2022/09/01 15:50,211,80D6F80C0,211,80D6F80C0,15774.63,Brazil Real,15774.63,Brazil Real,Reinvestment,0
2022/09/04 05:29,70,1004286A8,1916,802DEDF50,17071.79,Euro,17071.79,Euro,Cheque,1
2022/09/03 18:01,211164,805812250,7675,8058133D0,120032904.96,Euro,120032904.96,Euro,ACH,1
2022/09/05 06:36,1267,8030004E0,113865,809326EF0,17964275.84,US Dollar,17964275.84,US Dollar,ACH,1
2022/09/05 17:01,210185,803B3A280,21,803C4A370,23259.32,Yen,23259.32,Yen,ACH,0
2022/09/01 00:21,23146,808F65B90,23146,808F65B90,35.77,Yuan,35.77,Yuan,Reinvestment,0
2022/09/10 11:55,16,80534C060,27755,80A2DF610,4682.47,Australian Dollar,4682.47,Australian Dollar,ACH,1
2022/09/02 06:15,21940,800CD33F0,4503,80C0EF3C0,42480.51,US Dollar,42480.51,US Dollar,Cheque,0
2022/09/01 20:23,21918,80937C180,27616,80A78EE90,26953.09,Euro,26953.09,Euro,Cash,0
2022/09/08 09:35,70,100428660,1411,8008CF190,219.57,US Dollar,219.57,US Dollar,Cash,1
2022/09/04 19:29,150240,812D22980,48309,811C599A0,50550.9,Saudi Riyal,50550.9,Saudi Riyal,ACH,1
2022/09/02 03:28,3698,8030B9950,21575,8032DF620,230.8,US Dollar,230.8,US Dollar,Credit Card,0
2022/09/03 07:12,3051,806A3D750,241869,80F390FC0,2024.65,Swiss Franc,2024.65,Swiss Franc,ACH,1
2022/09/02 06:20,70,100428660,17729,805447960,17371.47,US Dollar,17371.47,US Dollar,Cheque,1
2022/09/01 07:51,210997,8041389B0,10605,80443CBF0,251721.9,Yen,251721.9,Yen,Cheque,0
2022/09/11 12:14,20,800195070,12,80012A760,1993.91,US Dollar,1993.91,US Dollar,ACH,1
2022/09/06 19:44,215266,8084EB1D0,35925,810CC3400,70.34,US Dollar,70.34,US Dollar,Cheque,0
2022/09/08 02:29,21550,80AC30BC0,117453,80E064980,2766.74,US Dollar,2766.74,US Dollar,ACH,1
2022/09/04 07:10,249118,812D1A650,48308,811ED7DF0,291133.92,Saudi Riyal,291133.92,Saudi Riyal,ACH,1
2022/09/06 21:49,1729,8004D7470,220,8005E84E0,3380.15,US Dollar,3380.15,US Dollar,ACH,1
2022/09/03 05:27,117907,813EDE5F0,146122,813EDEDA0,3773.31,Euro,3773.31,Euro,ACH,1
2022/09/01 00:25,225,813CE83D1,225,813CE83D1,0.112504,Bitcoin,0.112504,Bitcoin,Bitcoin,0
2022/09/05 04:46,410,8002A6D00,2915,8007E41C0,293612.84,Euro,293612.84,Euro,Cheque,0
2022/09/01 03:58,312241,8047BA570,19723,8047B24F0,10028.83,Yuan,10028.83,Yuan,ACH,0
2022/09/03 00:09,43462,81024FDA0,217,810296690,38.92,Shekel,38.92,Shekel,Credit Card,0
2022/09/02 18:02,334249,80CB73110,32564,80CB72C10,4168.17,Mexican Peso,4168.17,Mexican Peso,Cheque,0
2022/09/04 16:47,70,1004286A8,21831,80217D5C0,112.18,Euro,112.18,Euro,Cash,0
2022/09/06 21:22,5464,80C8841B0,2591,80B7C97B0,14691.67,Euro,14691.67,Euro,ACH,1
2022/09/02 19:33,348253,811A25510,37964,811A0B440,86.05,US Dollar,86.05,US Dollar,Cheque,0
2022/09/07 12:00,242081,80FA86D60,146167,8118A4C20,773.13,US Dollar,773.13,US Dollar,Cash,0
2022/09/12 00:01,2915,801BB7D10,21884,808444690,5431.98,UK Pound,5431.98,UK Pound,ACH,1
2022/09/02 16:31,20,800C93330,24144,80294F280,895.77,Euro,895.77,Euro,Credit Card,0
2022/09/08 12:24,7675,8093BA230,13969,81223EDF0,1102720.64,Rupee,1102720.64,Rupee,ACH,1
2022/09/13 02:06,1665,803425BE0,1,80C356B30,15320.2,US Dollar,15320.2,US Dollar,ACH,1
2022/09/08 06:24,54642,81424CC61,152416,81424D3E1,0.050856,Bitcoin,0.050856,Bitcoin,Bitcoin,0
2022/09/12 02:37,20,800195070,20,80016BEA0,6639.07,Euro,6639.07,Euro,ACH,1
2022/09/07 08:18,12381,800FB5AB0,243897,81023CDC0,38067.17,Shekel,38067.17,Shekel,ACH,1
2022/09/03 15:25,220,813D596B1,152627,81474BB01,0.056121,Bitcoin,0.056121,Bitcoin,Bitcoin,0
2022/09/10 02:16,701,80514DE20,21258,8028E8460,15254.39,US Dollar,15254.39,US Dollar,ACH,1
2022/09/11 12:46,148350,812D0C3C0,148350,811FFF630,19296.88,Saudi Riyal,19296.88,Saudi Riyal,ACH,1
2022/09/02 11:19,10,8003E5E20,1688,800402480,16283.4,US Dollar,16283.4,US Dollar,Cheque,0
2022/09/16 13:43,9371,8043A0FB0,2843,800D21FF0,13582.72,US Dollar,13582.72,US Dollar,ACH,1
2022/09/02 15:08,39667,80AF24700,219194,80AF1EE00,3049.36,Yuan,3049.36,Yuan,ACH,0
2022/09/08 00:07,15231,80266F880,23691,8021353D0,10813.95,Euro,10813.95,Euro,ACH,1
2022/09/02 02:48,211164,80A5E8660,3514,811D19B20,13168.39,Euro,13168.39,Euro,Credit Card,0
2022/09/03 16:27,908,800957210,1292,8006D7690,14167.89,US Dollar,14167.89,US Dollar,ACH,1
2022/09/03 13:01,12381,80721FA60,19746,81471A010,113.29,US Dollar,113.29,US Dollar,Credit Card,0
2022/09/12 09:18,116425,806478850,17863,810C289B0,13159.22,Euro,13159.22,Euro,ACH,1
2022/09/02 20:06,10605,803F28880,24,803F2A9F0,150092.22,Yen,150092.22,Yen,ACH,1
2022/09/07 20:42,223635,813487FE0,48292,813DC0F40,1548.23,US Dollar,1548.23,US Dollar,Credit Card,0
2022/09/06 17:52,1522,800BA39A0,1665,800DBC5C0,93.36,Euro,93.36,Euro,Cheque,0
2022/09/10 18:55,222,811B83280,48309,811C599A0,9267.0,Saudi Riyal,9267.0,Saudi Riyal,ACH,1
2022/09/01 08:37,54879,814289A11,15,81428C381,2.628103,Bitcoin,2.628103,Bitcoin,Bitcoin,0
2022/09/10 20:38,1267,802FBEBC0,21258,8028E8460,13811.55,US Dollar,13811.55,US Dollar,ACH,1
2022/09/08 00:40,22,800241D60,1,800154020,7070.9,US Dollar,7070.9,US Dollar,ACH,1
2022/09/06 02:40,70,100428660,513,805235490,10034.05,US Dollar,10034.05,US Dollar,Cheque,1
2022/09/09 18:58,24850,80242DEE0,17649,806891340,7001.56,Euro,7001.56,Euro,ACH,0
2022/09/05 11:00,217096,80629D870,116425,806359300,22300847.15,Ruble,22300847.15,Ruble,Cheque,0
2022/09/08 15:27,2915,802077CB0,24922,8091C8CD0,13494.58,Canadian Dollar,13494.58,Canadian Dollar,ACH,1
2022/09/05 20:29,12359,805673600,22541,808697F70,11257.77,UK Pound,11257.77,UK Pound,ACH,1
2022/09/04 14:59,48309,811C599A0,119,811C597B0,64379.45,Saudi Riyal,64379.45,Saudi Riyal,ACH,1
2022/09/08 06:06,11157,801195D20,245748,81191D690,4630.24,Shekel,4630.24,Shekel,Cheque,0
2022/09/06 19:40,70,100428780,14757,8059186D0,914569.94,Rupee,914569.94,Rupee,Cheque,0
2022/09/09 08:10,11,8001D71F0,22091,80813D810,11249.63,UK Pound,11249.63,UK Pound,ACH,1
2022/09/05 06:15,22,80010E3C0,24132,8105A6AD0,6008.65,US Dollar,6008.65,US Dollar,Wire,0
2022/09/11 14:33,23842,804EE25D0,2439,80604C300,12791378.34,US Dollar,12791378.34,US Dollar,ACH,1
2022/09/02 18:54,227859,80E130380,22828,8030DF720,7032.52,US Dollar,7032.52,US Dollar,ACH,1
2022/09/07 23:01,70,100428660,6803,8031FD2F0,4.89,US Dollar,4.89,US Dollar,Credit Card,0
2022/09/05 16:20,211,808E44B10,28800,811097150,783.75,US Dollar,783.75,US Dollar,ACH,1
2022/09/02 11:35,6,8000AC7E0,29056,80AFE6860,273.47,Australian Dollar,273.47,Australian Dollar,Cheque,0
2022/09/02 06:22,70,1004286A8,21749,80D8A9A40,591.01,Euro,591.01,Euro,Cheque,1
2022/09/10 04:01,35670,80D17ED80,124290,80D183900,479.89,US Dollar,479.89,US Dollar,ACH,1
2022/09/13 07:17,20,8001C97D0,23,8001B8810,15783.57,Euro,15783.57,Euro,ACH,1
2022/09/09 13:23,1412,800C13D40,223649,813149C00,358.73,US Dollar,358.73,US Dollar,Cheque,0
2022/09/10 04:29,29715,80D6C49B0,30416,80D6C1A60,6143.74,Yuan,6143.74,Yuan,ACH,0
2022/09/08 06:04,22775,802379480,20,8023C0EF0,2245.0,Euro,2245.0,Euro,Cheque,0
2022/09/01 21:03,1,800BAB8C0,31596,80DEE4FC0,96.24,US Dollar,96.24,US Dollar,Credit Card,0
2022/09/07 18:02,148350,812D0C3C0,148350,811FFF630,49946.1,Saudi Riyal,49946.1,Saudi Riyal,ACH,1
2022/09/06 02:45,12,8001CB7C0,10,8002B4B00,3082.09,US Dollar,3082.09,US Dollar,Cheque,0
2022/09/02 07:55,14,8100DF4E0,220,810208B10,3265.74,Shekel,3265.74,Shekel,Credit Card,0
2022/09/08 21:49,21940,800CCD870,110836,80E00E280,72.96,US Dollar,72.96,US Dollar,Wire,0
2022/09/09 20:58,18902,80B81F7A0,21940,80B820D90,2246.12,US Dollar,2246.12,US Dollar,ACH,1
2022/09/05 19:36,239604,80F034CC0,116,80E5C0180,356.59,Swiss Franc,356.59,Swiss Franc,ACH,1
2022/09/03 14:30,21,80383A170,15,80383A1C0,119749.46,Yen,119749.46,Yen,ACH,1
2022/09/02 13:46,10232,80663B600,8805,8121FACA0,17508.1,US Dollar,17508.1,US Dollar,Credit Card,0
2022/09/05 14:38,7195,8069242A0,22775,807089C70,6659.94,Euro,6659.94,Euro,Cash,0
2022/09/03 19:46,13037,803509D50,19318,8106B1750,5897.02,Yuan,5897.02,Yuan,ACH,1
2022/09/05 13:29,18067,803098B50,18135,80B769A80,24607.58,Yuan,24607.58,Yuan,Cheque,0
2022/09/05 12:20,116843,806F416F0,112931,805D4C850,306034.83,Rupee,306034.83,Rupee,ACH,1
2022/09/09 15:15,15231,80266F880,23691,8021353D0,1549.19,Euro,1549.19,Euro,ACH,1
2022/09/01 09:24,70,100428858,214,8096DC0E0,109.86,Canadian Dollar,109.86,Canadian Dollar,Credit Card,0
2022/09/01 02:54,152416,81477F8E1,154148,8148609A1,5.84514,Bitcoin,5.84514,Bitcoin,Bitcoin,0
2022/09/08 21:21,254355,813F6FD81,153827,813F6FE71,0.114769,Bitcoin,0.114769,Bitcoin,Bitcoin,1
2022/09/04 11:24,21884,808375290,220504,8083B5120,998.29,UK Pound,998.29,UK Pound,Cheque,0
2022/09/09 10:52,70,100428660,11471,807ABC0D0,402.86,US Dollar,402.86,US Dollar,Credit Card,0
2022/09/09 08:54,220,80C033AF0,29292,80CFE91A0,402.12,US Dollar,402.12,US Dollar,ACH,0
2022/09/05 16:48,27241,803BEF990,24144,80A8E65D0,105.3,Euro,105.3,Euro,ACH,1
2022/09/06 06:55,70,100428660,2627,80195D590,4117.87,US Dollar,4117.87,US Dollar,Cheque,0
2022/09/12 14:43,231212,80ED002D0,115,80CEC52A0,2829.41,Brazil Real,2829.41,Brazil Real,ACH,1
2022/09/12 11:23,10404,806ACD410,4503,809FCC180,2353.52,US Dollar,2353.52,US Dollar,ACH,1
2022/09/02 13:07,15231,803A568D0,1522,8012F9500,12633.54,Euro,12633.54,Euro,ACH,1
2022/09/09 16:33,143496,8114937B0,45601,8114961E0,2563.82,Shekel,2563.82,Shekel,ACH,1
2022/09/05 00:27,18196,8035CD610,16,8050B7870,779777.58,Rupee,779777.58,Rupee,ACH,1
2022/09/07 08:38,235509,80D67CB10,235843,80D74F340,799.28,Brazil Real,799.28,Brazil Real,Cheque,0
2022/09/08 01:29,1,80C707860,240971,80EEC7720,6204.78,Swiss Franc,6204.78,Swiss Franc,ACH,1
2022/09/08 01:32,15231,80266F880,23691,8021353D0,13091.88,Euro,13091.88,Euro,ACH,1
2022/09/07 05:13,6156,80851CB00,17748,80DDF1530,385.42,US Dollar,385.42,US Dollar,Cheque,0
2022/09/06 16:00,1420,800F5BCB0,16388,8026F0EF0,1201.68,Euro,1201.68,Euro,ACH,1
2022/09/10 10:50,2591,800AEAC00,795,8005A64B0,6792.95,US Dollar,6792.95,US Dollar,ACH,1
2022/09/02 14:14,6,80A4F8CD0,15,80AB037A0,178.05,Australian Dollar,178.05,Australian Dollar,Cheque,0
2022/09/04 21:03,1362,803E80F80,28800,803E81070,2370.88,US Dollar,2370.88,US Dollar,ACH,0
2022/09/01 17:54,225734,8095AF170,11904,800E9BC40,4382.74,US Dollar,4382.74,US Dollar,ACH,1
2022/09/02 18:50,239604,80E93E150,138395,80E9B8610,144.32,Swiss Franc,144.32,Swiss Franc,Credit Card,0
2022/09/02 06:05,19740,80CB05470,12278,80D88A750,24300.86,Yuan,24300.86,Yuan,Cheque,0
2022/09/06 05:34,42221,80FB292B0,241901,80FB29350,1726.12,Swiss Franc,1726.12,Swiss Franc,ACH,1
2022/09/01 00:59,513,808583A60,115915,80BFC60E0,208.44,US Dollar,208.44,US Dollar,Credit Card,0
2022/09/06 23:49,15730,80DC8D400,40404,80EE97110,15553.54,Swiss Franc,15553.54,Swiss Franc,ACH,1
2022/09/02 00:37,344762,8107DF2A0,143493,8107E6F40,1823.93,Shekel,1823.93,Shekel,Cheque,0
2022/09/12 15:08,43735,8107BB990,1,8029FC480,16758.26,US Dollar,16758.26,US Dollar,ACH,1
2022/09/02 21:29,117660,80BA43840,133540,80CA7BBF0,1227.84,Euro,1227.84,Euro,Cheque,0
2022/09/05 07:10,70,100428A51,124,8147668E1,0.25894,Bitcoin,0.25894,Bitcoin,Bitcoin,1
2022/09/04 15:30,15231,80266F880,23691,8021353D0,8092.93,Euro,8092.93,Euro,ACH,1
2022/09/07 00:58,213737,804FE2220,139793,80EB1AA20,9873.51,Swiss Franc,9873.51,Swiss Franc,ACH,1
2022/09/03 09:29,3149,80A542BE0,16606,811458B00,67.31,US Dollar,67.31,US Dollar,Credit Card,0
2022/09/07 16:48,1,80044A5D0,1024,80098A3D0,18030.25,Euro,18030.25,Euro,ACH,1
2022/09/06 01:45,70,100428660,4503,8112167F0,121.29,US Dollar,121.29,US Dollar,Credit Card,1
2022/09/07 02:39,28255,804D7E820,212789,805CA3750,795290.07,Rupee,795290.07,Rupee,ACH,1
2022/09/06 16:27,17769,809746BD0,138832,80F25F550,18.72,Euro,18.72,Euro,Cash,0
2022/09/01 07:39,21575,801A58F80,11,80048D890,5019.15,Euro,5019.15,Euro,ACH,1
2022/09/11 00:52,3051,804282480,138335,80EEFAD40,4047.19,Swiss Franc,4047.19,Swiss Franc,ACH,1
2022/09/11 12:06,3144,8019E69B0,117070,807065AD0,351367.37,Ruble,351367.37,Ruble,ACH,1
2022/09/12 08:00,39775,80F224D00,1601,80340DCF0,15320.0,US Dollar,15320.0,US Dollar,ACH,1
2022/09/01 18:33,238190,80F125620,139793,80F1164A0,4005.11,Swiss Franc,4005.11,Swiss Franc,ACH,0
2022/09/09 00:04,127999,80A555900,128636,80AA4B5E0,112.12,Australian Dollar,112.12,Australian Dollar,Credit Card,0
2022/09/10 15:51,223,811A4DBD0,222,811D80C30,47138.78,Saudi Riyal,47138.78,Saudi Riyal,ACH,1
2022/09/10 08:51,12381,80D051180,19888,8079DDC30,11729.11,US Dollar,11729.11,US Dollar,ACH,1
2022/09/01 14:19,113060,80593B0B0,8888,805137A40,85.44,Euro,85.44,Euro,Cash,0
2022/09/08 03:29,1688,8019B30C0,235440,80D7DF300,202.54,US Dollar,202.54,US Dollar,Cheque,0
2022/09/02 02:33,15,80A4A6010,27755,80A80CDA0,15502.26,Australian Dollar,15502.26,Australian Dollar,Credit Card,0
2022/09/07 18:18,23,8001B2240,20,80017C540,12959.17,Euro,12959.17,Euro,ACH,1
2022/09/04 22:32,10232,805926810,22828,805937440,3480.77,US Dollar,3480.77,US Dollar,ACH,1
2022/09/12 09:11,231212,80ED002D0,235580,80D599C70,38316.91,Brazil Real,38316.91,Brazil Real,ACH,1
2022/09/08 10:41,2915,801E6EF20,1655,802576960,3759.41,Euro,3759.41,Euro,Credit Card,0
2022/09/08 07:52,21575,804E56AE0,113779,8070F6870,146.8,US Dollar,146.8,US Dollar,Wire,0
2022/09/06 03:36,13917,80BB54BC0,242782,80F963EA0,125.17,US Dollar,125.17,US Dollar,ACH,0
2022/09/05 23:27,70,100428660,28771,80762F540,495353.97,US Dollar,495353.97,US Dollar,Cash,1
2022/09/10 18:02,244187,810605350,43735,810605440,8782.65,Shekel,8782.65,Shekel,ACH,1
2022/09/01 21:18,70,100428738,210261,803F9DE90,3114.09,Yen,3114.09,Yen,Cheque,1
2022/09/07 02:10,11471,808AEC960,17425,80C801740,4205.46,US Dollar,4205.46,US Dollar,Credit Card,0
2022/09/10 03:33,1674,802BDE290,25847,80970A1E0,22460.87,Canadian Dollar,22460.87,Canadian Dollar,ACH,1
2022/09/01 13:05,238845,80E8E1A70,239604,80E8E1B10,393.44,Swiss Franc,393.44,Swiss Franc,ACH,1
2022/09/08 12:34,21745,8069B8F70,11974,8010AE030,2154228.09,US Dollar,2154228.09,US Dollar,ACH,1
2022/09/01 04:02,70,1004287C8,4,8062015D0,15027781.94,Ruble,15027781.94,Ruble,Cheque,1
2022/09/01 11:12,19890,80CEF5970,19890,80CEF5970,39820.89,US Dollar,39820.89,US Dollar,Reinvestment,0
2022/09/02 07:29,13057,80F3629E0,22758,80F362A30,1071.27,Euro,1071.27,Euro,ACH,1
2022/09/02 15:09,15,803A01750,10057,803B2BAE0,1046878.38,Yen,1046878.38,Yen,Cheque,0
2022/09/01 23:09,70,1004289C0,44866,810A88910,7249.04,Shekel,7249.04,Shekel,Credit Card,1
2022/09/13 12:39,15040,80780EAF0,11128,80465E020,170485.49,Yen,170485.49,Yen,ACH,1
2022/09/10 03:22,15,80A1965C0,28768,80B298450,4982.09,Australian Dollar,4982.09,Australian Dollar,Credit Card,0
2022/09/06 01:21,15,8000E2431,54879,814325781,0.133171,Bitcoin,0.133171,Bitcoin,Bitcoin,0
2022/09/01 21:59,15,803B24460,14757,805E7CD20,717081.43,Rupee,717081.43,Rupee,ACH,1
2022/09/08 05:51,70,100428660,40187,81115FDA0,1609.72,US Dollar,1609.72,US Dollar,Cheque,1
2022/09/02 19:19,1244,805117600,18902,80FF542C0,7115.21,US Dollar,7115.21,US Dollar,Credit Card,0
2022/09/06 17:35,71,805384DD0,11,800924840,5807.66,Euro,5807.66,Euro,ACH,1
2022/09/01 03:05,11,800178CC0,20,800283B60,10076.59,Euro,10076.59,Euro,ACH,1
2022/09/06 21:13,215064,805EA2350,2947,80D208020,212.49,US Dollar,212.49,US Dollar,Credit Card,0
2022/09/07 09:00,70,100428978,240304,80EF402D0,88.23,Swiss Franc,88.23,Swiss Franc,Cash,0
2022/09/01 05:32,17321,810371D80,17321,810371D80,3.88,Euro,3.88,Euro,Reinvestment,0
2022/09/07 16:05,1299,8009D3030,3229,8013FD400,10775.67,US Dollar,10775.67,US Dollar,ACH,1
2022/09/09 03:29,8595,8056FB520,15980,808F06570,2082.21,US Dollar,2082.21,US Dollar,Cheque,0
2022/09/09 20:45,70,100428660,22164,801726B10,6374.88,US Dollar,6374.88,US Dollar,Cheque,1
2022/09/09 01:06,12,800055AC0,1292,800188040,948.07,US Dollar,948.07,US Dollar,ACH,0
2022/09/01 22:57,70,100428660,1244,800A494C0,212.83,US Dollar,212.83,US Dollar,Cheque,0
2022/09/02 05:27,220,8001E8C30,28771,805928F70,291.07,US Dollar,291.07,US Dollar,ACH,0
2022/09/02 15:12,112064,804FF65E0,113304,80534B330,8887579.25,Rupee,8887579.25,Rupee,Cheque,0
2022/09/07 07:47,142950,80FF7FA70,113,8100D9200,76.11,Shekel,76.11,Shekel,Cheque,0
2022/09/07 13:36,5140,80254E670,25981,804198AF0,311.42,US Dollar,311.42,US Dollar,Cheque,0
2022/09/04 01:51,217096,8063038B0,217824,806AE3170,5747.38,Ruble,5747.38,Ruble,Cheque,0
2022/09/06 17:34,410,800928170,115415,80B5D7AC0,15555.56,Euro,15555.56,Euro,ACH,1
2022/09/06 15:01,70,100428660,1420,800659240,9151.93,US Dollar,9151.93,US Dollar,Credit Card,1
2022/09/04 22:50,113,80FD50C50,217,80FDB7590,79395.56,Shekel,79395.56,Shekel,Credit Card,0
2022/09/02 23:57,7,807E70980,22575,808BF9BB0,15738.3,UK Pound,15738.3,UK Pound,Cheque,0
2022/09/08 22:41,15085,805A01620,214615,807A82F90,13107.75,US Dollar,13107.75,US Dollar,Cheque,0
2022/09/06 14:03,20,800161D40,11,80026F8F0,447.05,Euro,447.05,Euro,ACH,1
2022/09/06 08:49,16136,80357E590,16333,80357E900,28225.13,US Dollar,28225.13,US Dollar,ACH,1
2022/09/03 07:57,148016,811FCA7B0,48308,811ED7DF0,18841.21,Saudi Riyal,18841.21,Saudi Riyal,ACH,1
2022/09/07 12:04,122545,8120633F0,5464,811825F40,265.66,Euro,265.66,Euro,ACH,1
2022/09/13 19:31,14277,80C7A4440,29404,8041A3440,3646.91,US Dollar,3646.91,US Dollar,ACH,1
2022/09/08 11:38,71,804B2EB50,13029,804F726A0,6364.44,Rupee,6364.44,Rupee,Credit Card,0
2022/09/06 09:29,1,80058FDB0,4503,802520550,6408.81,US Dollar,6408.81,US Dollar,Cheque,0
2022/09/03 02:36,50528,812D0C600,148350,812D0C3C0,33176.14,Saudi Riyal,33176.14,Saudi Riyal,ACH,1
2022/09/01 00:12,249118,811F1E7A0,249118,811F1E7A0,583.32,Saudi Riyal,583.32,Saudi Riyal,Reinvestment,0
2022/09/10 16:38,1292,8004825B0,4726,802E2AD70,6583.35,US Dollar,6583.35,US Dollar,ACH,1
2022/09/02 00:27,12585,80BFDF590,13037,8011C31E0,59.27,US Dollar,59.27,US Dollar,Credit Card,0
2022/09/14 03:16,223,811A4DBD0,118,811B6E170,10308.42,Saudi Riyal,10308.42,Saudi Riyal,ACH,1
2022/09/03 16:24,223,811EDA940,48308,811ED7DF0,71981.58,Saudi Riyal,71981.58,Saudi Riyal,ACH,1
2022/09/10 04:41,70,100428660,16586,80BEB03B0,400.67,US Dollar,400.67,US Dollar,Cheque,0
2022/09/11 14:00,23402,80498D100,19,8095843D0,16602.36,Canadian Dollar,16602.36,Canadian Dollar,ACH,1
2022/09/05 06:14,220,8002B5EE0,1,800466E60,55.06,US Dollar,55.06,US Dollar,Wire,0
2022/09/08 22:35,8539,81279D730,252183,8141E7620,118.39,Euro,118.39,Euro,Credit Card,0
2022/09/06 02:40,220504,8081073E0,29814,80BB289A0,1228.54,Euro,1228.54,Euro,ACH,1
2022/09/07 15:55,2627,8013028A0,22775,803BCC3E0,16852.38,Euro,16852.38,Euro,ACH,1
2022/09/02 12:32,70,1004286A8,120691,811060DC0,2428.36,Euro,2428.36,Euro,Credit Card,1
2022/09/07 12:06,13265,80349A540,19023,814499340,67.39,Euro,67.39,Euro,Cheque,0
2022/09/06 14:55,212789,804B56250,7,807C35490,4445.55,UK Pound,4445.55,UK Pound,ACH,1
2022/09/06 02:42,70,100428810,20486,808C74EA0,986.43,UK Pound,986.43,UK Pound,Credit Card,1
2022/09/14 13:04,4726,802E2AD70,29251,80A3615C0,2178.45,US Dollar,2178.45,US Dollar,ACH,1
2022/09/09 12:27,22345,80523DAC0,1068,810E51A80,2143.79,US Dollar,2143.79,US Dollar,Cheque,0
2022/09/04 10:24,213952,808338D40,12,801DA8990,3072.27,US Dollar,3072.27,US Dollar,ACH,1
2022/09/05 06:12,116,80E519790,41638,80F5809D0,30647511.97,Swiss Franc,30647511.97,Swiss Franc,Cheque,0
2022/09/07 06:00,148586,81241DD80,48681,81241E4F0,12305.98,Saudi Riyal,12305.98,Saudi Riyal,ACH,1
2022/09/10 17:06,6075,803601230,23537,80A0C9030,12610.26,US Dollar,12610.26,US Dollar,ACH,1
2022/09/07 02:04,7675,8033C7CD0,23554,808A47280,3123.06,Euro,3123.06,Euro,Credit Card,0
2022/09/09 19:03,1362,8001D12C0,3051,810C8F820,153.9,US Dollar,153.9,US Dollar,Cheque,0
2022/09/07 15:13,11030,80CB65920,1411,802371D80,13201.33,US Dollar,13201.33,US Dollar,ACH,1
2022/09/03 11:46,135403,80E2226E0,115159,8097D85A0,11745.29,US Dollar,11745.29,US Dollar,ACH,1
2022/09/05 09:53,2824,803B96F40,4503,805181BA0,2969.23,US Dollar,2969.23,US Dollar,Cheque,0
2022/09/11 06:23,225215,8092F0090,215186,80598ED20,177998.05,Rupee,177998.05,Rupee,ACH,1
2022/09/06 12:43,1665,8004A4F50,136012,80D4E69C0,18923.37,US Dollar,18923.37,US Dollar,Cheque,0
2022/09/07 23:51,1412,801434090,5,800093C80,13686.24,UK Pound,13686.24,UK Pound,ACH,1
2022/09/10 09:52,1362,8037951D0,11,800924840,1209.8,Euro,1209.8,Euro,ACH,1
2022/09/06 10:47,70,1004286A8,7548,8129627A0,19202.86,Euro,19202.86,Euro,Credit Card,0
2022/09/07 08:44,12,80BEC8340,113060,805AD2D20,11086.29,Euro,11086.29,Euro,ACH,1
2022/09/01 00:08,152416,8136DE4F1,152416,8136DE4F1,48.076589,Bitcoin,48.076589,Bitcoin,Bitcoin,0
2022/09/02 04:10,2952,809414C20,17732,80ACE1CD0,976.81,US Dollar,976.81,US Dollar,Credit Card,0
2022/09/08 20:43,2843,80326ED20,18819,8099F2000,26516.8,US Dollar,26516.8,US Dollar,Credit Card,0
2022/09/01 09:31,28627,80B9F0EE0,26442,80AEBECB0,7678.43,US Dollar,7678.43,US Dollar,ACH,1
2022/09/01 10:24,12735,8010D0DE0,1420,811E14980,16818.58,US Dollar,16818.58,US Dollar,Credit Card,0
2022/09/07 04:24,210431,80C71DFE0,20,80D44BE00,293.26,Euro,293.26,Euro,Credit Card,0
2022/09/05 07:43,4726,8021C45F0,17732,8034C7AE0,17049.74,US Dollar,17049.74,US Dollar,ACH,1
2022/09/06 07:07,140754,80F656260,116,80F914370,86.18,Swiss Franc,86.18,Swiss Franc,Cash,0
2022/09/09 06:23,312983,805FB7D40,12,805FB57F0,23184.2,Rupee,23184.2,Rupee,Cheque,0
2022/09/01 07:32,25637,8051727F0,117453,807D2FCE0,1429.03,US Dollar,1429.03,US Dollar,Cheque,0
2022/09/05 12:55,18511,80B61F6E0,18200,8035A4F50,17048.15,Yuan,17048.15,Yuan,ACH,1
2022/09/06 14:37,16163,80333E5D0,112931,804D97920,821429.26,Rupee,821429.26,Rupee,Cheque,0
2022/09/08 12:35,23344,8020A4C90,219449,80A626EB0,125.59,Euro,125.59,Euro,Credit Card,0
2022/09/10 11:40,70,100428810,130107,812C92030,1702.13,UK Pound,1702.13,UK Pound,Cash,1
2022/09/08 14:00,1522,800A1B820,20,801860F70,21865.94,Euro,21865.94,Euro,Wire,0
2022/09/01 00:05,23691,810F578E0,23691,810F578E0,12373.67,Euro,12373.67,Euro,Reinvestment,0
2022/09/05 18:18,70,100428660,3242,80B902730,565.66,US Dollar,565.66,US Dollar,Credit Card,1
2022/09/09 14:10,11657,8011F8600,8455,8125BCBC0,1621.08,Euro,1621.08,Euro,Credit Card,0
2022/09/02 22:14,254242,813CC8051,15,813CC84B1,0.269735,Bitcoin,0.269735,Bitcoin,Bitcoin,1
2022/09/01 14:37,227406,813814C00,27151,813814C50,19256.35,Canadian Dollar,19256.35,Canadian Dollar,Cheque,1
2022/09/08 09:36,70,1004288E8,214,80B70CA10,16398.77,Mexican Peso,16398.77,Mexican Peso,Cheque,1
2022/09/02 14:01,10,802870D00,115159,80B4720D0,5524420.55,US Dollar,5524420.55,US Dollar,Cheque,0
2022/09/01 07:13,112078,8069CB2A0,112078,8069CB2A0,1383017.15,Yuan,1383017.15,Yuan,Reinvestment,0
2022/09/12 23:11,21611,8051B3BF0,28800,80C166050,13763.75,US Dollar,13763.75,US Dollar,ACH,1
2022/09/04 17:47,241079,80EF0F190,217496,806F3FE20,1052179.48,Ruble,1052179.48,Ruble,ACH,1
2022/09/09 10:20,9129,80623F410,4523,80623F0A0,5102.14,US Dollar,5102.14,US Dollar,ACH,1
2022/09/09 09:53,5328,80F7A83B0,11657,80F7A92D0,3995.97,Euro,3995.97,Euro,ACH,0
2022/09/02 13:57,6,80A2953E0,11,8021309A0,1498.33,Euro,1498.33,Euro,ACH,1
2022/09/01 01:07,24482,801F0A030,16254,805F8FC10,97.18,Euro,97.18,Euro,Credit Card,0
2022/09/02 16:17,16792,806321DC0,16792,806F350C0,1504960.07,Ruble,1504960.07,Ruble,Credit Card,0
2022/09/09 03:57,28663,80AF70A50,228009,80AF711D0,6851.05,Australian Dollar,6851.05,Australian Dollar,ACH,1
2022/09/03 13:47,28629,814489D80,21922,814489DD0,2244.18,Euro,2244.18,Euro,ACH,1
2022/09/07 20:10,1362,8001EDB30,701,8005D8EC0,760.49,US Dollar,760.49,US Dollar,Credit Card,0
2022/09/09 08:31,3045,806FFE8D0,15964,809C3ED90,205.76,Euro,205.76,Euro,ACH,0
2022/09/04 04:09,8,809987400,213,809994390,6291.1,Canadian Dollar,6291.1,Canadian Dollar,ACH,1
2022/09/10 08:22,13067,80B76EEA0,27,80C6887D0,243832.19,Mexican Peso,243832.19,Mexican Peso,ACH,1
2022/09/09 05:09,410,80048F540,14290,8096C6320,1184.13,Euro,1184.13,Euro,Credit Card,0
2022/09/08 07:22,1362,80053C0B0,410,80098DC70,7887.11,Euro,7887.11,Euro,ACH,1
2022/09/01 14:49,114674,80BDDE6B0,114674,80BDDE6B0,135955.75,US Dollar,135955.75,US Dollar,Reinvestment,0
2022/09/10 08:54,121,8129ED810,149345,8129ED720,6932.83,Saudi Riyal,6932.83,Saudi Riyal,ACH,0
2022/09/05 19:11,28627,80941FDD0,117660,809424BD0,2334.8,Euro,2334.8,Euro,ACH,0
2022/09/01 04:39,23402,803D3C380,9371,803D3CB00,876.99,US Dollar,876.99,US Dollar,ACH,1
2022/09/07 12:07,9679,80452D470,112931,80523DE60,826736.97,Rupee,826736.97,Rupee,ACH,1
2022/09/06 04:42,6156,802E42C50,6156,802E42C50,84208163.6,Ruble,1082311.5,US Dollar,ACH,0
2022/09/01 07:38,41638,80FBFDAA0,240971,80FBFE2F0,1018.43,Swiss Franc,1018.43,Swiss Franc,ACH,1
2022/09/02 21:47,15730,8079ED520,15723,8079F41C0,1152.04,US Dollar,1152.04,US Dollar,ACH,1
2022/09/11 09:24,23,8000FE1F0,12,800063D30,16324.89,Euro,16324.89,Euro,ACH,1
2022/09/03 10:31,22806,80E6B1A90,8771,80C6F48A0,16865.15,US Dollar,16865.15,US Dollar,ACH,1
2022/09/03 22:59,1853,806CFCA70,24779,809119160,760.85,Canadian Dollar,760.85,Canadian Dollar,Cheque,0
2022/09/07 21:00,2053,802450F30,123773,80AC9DC40,417.42,US Dollar,417.42,US Dollar,Cash,0
2022/09/10 13:27,112989,804FF77B0,4726,802E2AD70,4492.45,US Dollar,4492.45,US Dollar,ACH,1
2022/09/02 01:26,243897,81137CAC0,142836,81137CB60,9449.75,Shekel,9449.75,Shekel,ACH,1
2022/09/10 11:03,28827,8116C5810,116845,8116C5860,1164.72,US Dollar,1164.72,US Dollar,ACH,1
2022/09/02 22:57,220,800150460,22164,802FB0310,824.68,US Dollar,824.68,US Dollar,Credit Card,0
2022/09/02 19:22,210972,8043036C0,10813,8044C5990,52907.21,Yen,52907.21,Yen,Cheque,0
2022/09/04 11:03,21745,803366440,117999,8069E9C80,724.18,Euro,724.18,Euro,ACH,1
2022/09/02 08:44,240229,80F025640,217,80FD27570,26443.7,Shekel,26443.7,Shekel,ACH,1
2022/09/03 20:53,12,8008A4C20,222363,80B8697E0,1779.28,US Dollar,1779.28,US Dollar,Cheque,0
2022/09/02 12:40,142950,81021F400,143598,8105FAAF0,45458.23,Shekel,45458.23,Shekel,Cash,0
2022/09/03 02:01,70,1004286A8,17769,804970980,668.36,Euro,668.36,Euro,Cash,1
2022/09/09 18:53,345454,810A20C30,245441,810A1FF20,1551.26,Shekel,1551.26,Shekel,Cash,0
2022/09/08 08:00,118,811A70ED0,149971,8127D9AA0,768.13,Saudi Riyal,768.13,Saudi Riyal,Credit Card,0
2022/09/02 16:50,24941,80949D340,25170,8094A1350,3734.53,Canadian Dollar,3734.53,Canadian Dollar,ACH,1
2022/09/08 20:36,220541,807FB58B0,121580,8082D70E0,2088.14,UK Pound,2088.14,UK Pound,Cash,0
2022/09/11 16:38,113935,807B6EA00,17729,80720B3B0,5372.23,US Dollar,5372.23,US Dollar,ACH,1
2022/09/08 13:24,12963,8067E5730,24144,812502D40,4654.65,Euro,4654.65,Euro,ACH,0
2022/09/08 01:07,220,800114F90,231004,80B449300,6448.08,US Dollar,6448.08,US Dollar,Cheque,0
2022/09/09 12:05,211,80009B830,5,8076D9F30,7904.77,UK Pound,7904.77,UK Pound,Credit Card,0
2022/09/09 15:41,4,80DB2EFC0,12,804B2E420,1105578.27,Rupee,1105578.27,Rupee,ACH,1
2022/09/02 09:44,14663,8021933A0,27103,8031C17D0,3546.11,Euro,3546.11,Euro,Wire,0
2022/09/13 05:48,19,8000AEDD0,12,8000FFBD0,2529.15,Euro,2529.15,Euro,ACH,1
2022/09/03 03:54,129974,80FE25690,241869,80F390FC0,9547.03,Swiss Franc,9547.03,Swiss Franc,ACH,1
2022/09/02 17:42,14663,8071AF070,213137,80D52F130,9674.41,Euro,9674.41,Euro,ACH,1
2022/09/08 05:14,4600,802386190,3045,801EE3CD0,13643.46,Euro,13643.46,Euro,ACH,1
2022/09/04 03:07,1601,802B12480,6075,803310000,158.43,US Dollar,158.43,US Dollar,Cheque,0
2022/09/05 15:12,12719,8021D4C90,15447,8084FF700,4797.78,US Dollar,4797.78,US Dollar,Credit Card,0
2022/09/05 16:49,11405,800EE6B70,1665,800F31270,12600.93,US Dollar,12600.93,US Dollar,ACH,1
2022/09/09 10:01,70,100428978,116,80F4FD900,1795.11,Swiss Franc,1795.11,Swiss Franc,Cheque,1
2022/09/09 03:50,220,813D3CF81,154662,8147C05C1,0.004737,Bitcoin,0.004737,Bitcoin,Bitcoin,0
2022/09/05 04:41,237730,8143C9760,19729,8143C9800,2052.96,US Dollar,2052.96,US Dollar,ACH,1
2022/09/01 06:17,116904,8071653C0,19560,8072B4430,97102.03,Ruble,97102.03,Ruble,Cheque,0
2022/09/06 07:48,118,811A67510,222,811D80C30,21439.11,Saudi Riyal,21439.11,Saudi Riyal,ACH,1
2022/09/02 06:04,43849,81064BBE0,45563,81126A2B0,167.9,Shekel,167.9,Shekel,Credit Card,0
2022/09/06 05:06,15,8039E3550,210261,8046E5A80,113688.99,Yen,113688.99,Yen,Cheque,0
2022/09/09 06:34,13862,8071FD3E0,15231,80B91A8B0,26.49,Euro,26.49,Euro,ACH,0
2022/09/11 11:27,21922,80A673510,213952,80794B6F0,6726.34,US Dollar,6726.34,US Dollar,ACH,1
2022/09/02 06:46,70,100428A51,152627,813768BF1,0.027304,Bitcoin,0.027304,Bitcoin,Bitcoin,1
2022/09/07 17:38,11318,803296DD0,3144,80BED7B90,911.35,US Dollar,911.35,US Dollar,Cheque,0
2022/09/01 13:43,21381,80360AC80,9691,80399BA50,15954.41,Yuan,15954.41,Yuan,Cheque,0
2022/09/12 19:22,211,80A309670,1420,8051BABA0,1690.9,US Dollar,1690.9,US Dollar,ACH,1
2022/09/04 12:46,27954,80CC4B000,22,8020DDAF0,4674.38,Euro,4674.38,Euro,ACH,1
2022/09/09 17:34,12,804AC92B0,13157,804CDFE20,11402.97,Rupee,11402.97,Rupee,Cheque,0
2022/09/17 09:39,118,811B6E170,119,811DCA9B0,13001.02,Saudi Riyal,13001.02,Saudi Riyal,ACH,1
2022/09/08 02:56,11852,801FDBE70,24144,801FDBEC0,4079.01,Euro,4079.01,Euro,ACH,1
2022/09/04 05:26,133590,80C67B7E0,133590,80CA40260,29053.03,Mexican Peso,29053.03,Mexican Peso,Cheque,0
2022/09/01 06:06,239173,80FF26B70,130425,80FF26D00,1064.92,US Dollar,1064.92,US Dollar,ACH,1
2022/09/05 06:41,14629,805849330,214308,805619690,8212.78,Rupee,8212.78,Rupee,Cheque,0
2022/09/02 07:29,28183,80BF4C160,241869,80F390FC0,295.9,Swiss Franc,295.9,Swiss Franc,ACH,1
2022/09/06 05:59,223649,80C24CAD0,15723,80C274730,384088.28,US Dollar,384088.28,US Dollar,Cash,0
2022/09/05 02:15,44873,810A53FC0,244192,810A5B540,28227.55,Shekel,28227.55,Shekel,ACH,1
2022/09/12 17:43,1729,8083CF250,20846,809406BF0,335012.9,Euro,335012.9,Euro,ACH,1
2022/09/01 15:35,225,813638C01,225,813638C01,0.00122,Bitcoin,0.00122,Bitcoin,Bitcoin,0
2022/09/08 09:14,12735,809C00E80,701,80D0B7BA0,106.12,US Dollar,106.12,US Dollar,Cheque,0
2022/09/09 09:07,243947,8101378A0,248332,8109C03B0,11195.64,Shekel,11195.64,Shekel,Cheque,0
2022/09/06 22:04,29794,80A533500,12461,80A533E80,2422.24,Euro,2422.24,Euro,ACH,0
2022/09/01 19:40,1502,800637C70,11474,800DF3270,2979.38,US Dollar,2979.38,US Dollar,ACH,1
2022/09/07 08:25,70,1004286A8,7195,80B5FC150,415.84,Euro,415.84,Euro,Cheque,1
2022/09/05 06:02,28222,80A601F70,28690,80B21F6E0,26.12,Australian Dollar,26.12,Australian Dollar,Cheque,0
2022/09/09 23:11,21387,80135D530,1024,80135EBF0,2028.34,Euro,2028.34,Euro,ACH,1
2022/09/04 19:36,210575,8067B6BF0,3881,8067B6C40,616.01,Euro,616.01,Euro,ACH,1
2022/09/05 07:22,21611,80225AB10,18617,8033306E0,90.55,US Dollar,90.55,US Dollar,ACH,0
2022/09/09 19:06,119,81235E8B0,118,811A67510,48126.43,Saudi Riyal,48126.43,Saudi Riyal,ACH,1
2022/09/02 06:34,28183,806D3F870,29069,806D3FF80,1105.61,Euro,1105.61,Euro,ACH,1
2022/09/06 17:27,228054,80A358820,211,80A515120,3152.62,Australian Dollar,3152.62,Australian Dollar,Cheque,0
2022/09/08 10:10,124,813CBC721,254355,813E94EB1,0.005899,Bitcoin,0.005899,Bitcoin,Bitcoin,0
2022/09/06 10:38,13184,804FBEA10,16,804FC0440,54780.53,Rupee,54780.53,Rupee,ACH,1
2022/09/04 12:53,28603,80A847310,211,808E44B10,937.15,UK Pound,937.15,UK Pound,ACH,1
2022/09/01 17:25,29788,80399CED0,241869,80F390FC0,8430.98,Swiss Franc,8430.98,Swiss Franc,ACH,1
2022/09/02 01:24,70,1004286A8,16643,812619420,1104.02,Euro,1104.02,Euro,Cheque,1
2022/09/02 03:32,70,100428660,221691,810C17620,1013.17,US Dollar,1013.17,US Dollar,Cheque,0
2022/09/02 22:20,1674,801284F30,13037,801286470,4647.69,US Dollar,4647.69,US Dollar,ACH,1
2022/09/01 16:48,139793,80F33ADA0,241901,80FA1E6A0,459.07,Swiss Franc,459.07,Swiss Franc,Cheque,0
2022/09/01 23:22,117070,80646F620,16787,80646F670,2110616.36,Ruble,2110616.36,Ruble,ACH,1
2022/09/01 21:29,21918,801FC0180,1490,802D21490,8277.78,Euro,8277.78,Euro,Cash,0
2022/09/02 23:36,1729,801392DC0,1601,80188D340,497999.71,US Dollar,497999.71,US Dollar,ACH,0
2022/09/10 14:21,8354,80751D9C0,210404,80B07E0B0,277.19,US Dollar,277.19,US Dollar,Credit Card,0
2022/09/01 00:26,228101,80A81B3A0,229799,80B2A8200,43.68,Australian Dollar,43.68,Australian Dollar,Credit Card,0
2022/09/06 14:03,70,100428660,27444,80FEE6E00,4700.9,US Dollar,4700.9,US Dollar,Cheque,0
2022/09/08 14:51,11318,80250BCD0,29814,80BB289A0,13796.26,Euro,13796.26,Euro,ACH,1
2022/09/11 10:12,1467,8003E2010,1729,8088B1E00,791.72,US Dollar,791.72,US Dollar,ACH,1
2022/09/09 07:36,336243,8111C6060,14804,8111C6010,357.08,US Dollar,357.08,US Dollar,Cash,0
2022/09/01 03:03,33872,80C913890,33739,80CA57720,165744.98,Mexican Peso,165744.98,Mexican Peso,Credit Card,0
2022/09/03 05:59,11107,80338EC60,13083,802E55FD0,3486.32,Euro,3486.32,Euro,ACH,1
2022/09/06 13:30,240774,80ED93F50,40312,80EDF0850,20443.9,Swiss Franc,20443.9,Swiss Franc,Credit Card,0
2022/09/02 02:22,116,80E5B7A20,142155,80FCD7300,291.39,Swiss Franc,291.39,Swiss Franc,Cheque,0
2022/09/06 02:45,210292,8039FE050,10099,803F1D480,568942.96,Yen,568942.96,Yen,Cheque,0
2022/09/01 22:15,14650,812A0F030,1490,812A0F080,3736.49,Euro,3736.49,Euro,ACH,1
2022/09/06 04:50,70,100428930,110,80004E5D0,8363.91,Brazil Real,8363.91,Brazil Real,Cash,0
2022/09/03 07:58,70,100428660,16606,806D3B040,317.54,US Dollar,317.54,US Dollar,Cheque,1
2022/09/06 14:53,10,800288F40,1688,8016F1F00,4.2,US Dollar,4.2,US Dollar,Cash,0
2022/09/08 13:40,22205,801A4DCF0,1674,80055FEA0,15892.42,US Dollar,15892.42,US Dollar,ACH,1
2022/09/12 00:18,29685,80F576BB0,10,8006F7210,10384.6,US Dollar,10384.6,US Dollar,ACH,1
2022/09/06 02:26,119,812A09CF0,49365,812A09D40,52938.65,Saudi Riyal,52938.65,Saudi Riyal,ACH,1
2022/09/08 01:48,4766,804DE3110,29404,8118CB020,69.68,US Dollar,69.68,US Dollar,Wire,0
2022/09/09 14:50,10232,80637A5D0,28827,80857A2C0,8136.76,US Dollar,8136.76,US Dollar,Cheque,0
2022/09/02 00:44,118,80E17D7E0,238845,80E25CAB0,154.97,Swiss Franc,154.97,Swiss Franc,Cheque,0
2022/09/10 18:03,795,8007C7A30,11296,800E81EF0,166.41,US Dollar,166.41,US Dollar,Cheque,0
2022/09/09 13:25,21749,801F05EF0,22806,801CD4740,5134.86,Euro,5134.86,Euro,ACH,1
2022/09/02 14:39,2454,801F66F60,11318,801F67F00,1458.01,US Dollar,1458.01,US Dollar,ACH,1
2022/09/03 03:37,11030,8075C2160,16109,8075C2340,401.29,US Dollar,401.29,US Dollar,ACH,0
2022/09/09 06:18,29685,80F576BB0,221279,807FE16D0,13755.13,Euro,13755.13,Euro,ACH,1
2022/09/06 00:00,4403,8021B66B0,16535,80D656070,615.0,US Dollar,615.0,US Dollar,Cheque,0
2022/09/07 07:56,210261,803B0D720,21,803CC4EE0,75810.23,Yen,75810.23,Yen,Cheque,0
2022/09/05 03:28,139793,80F519ED0,241021,80F519F20,2536.48,Swiss Franc,2536.48,Swiss Franc,ACH,1
2022/09/06 15:03,11,800278B80,23,8001B2240,12196.22,Euro,12196.22,Euro,ACH,1
2022/09/05 01:18,121,811E03C30,48308,811ED7DF0,30922.13,Saudi Riyal,30922.13,Saudi Riyal,ACH,1
2022/09/05 01:10,11405,80192B800,224466,80BD866F0,200.44,US Dollar,200.44,US Dollar,Cash,0
2022/09/04 01:50,232304,80D9A31F0,25866,80E27AA10,3859.92,Euro,3859.92,Euro,ACH,1
2022/09/08 23:14,19890,810B24B40,221891,810B24C80,3174.78,US Dollar,3174.78,US Dollar,ACH,1
2022/09/18 09:55,29404,8041A3440,118,811A79C40,2391.92,Saudi Riyal,2391.92,Saudi Riyal,ACH,1
2022/09/08 10:29,238845,80E450540,39721,80F772E30,289.85,Swiss Franc,289.85,Swiss Franc,ACH,0
2022/09/04 06:33,15,814029F51,254910,8146D90C1,0.085391,Bitcoin,0.085391,Bitcoin,Bitcoin,0
2022/09/04 10:53,27,80CA50CE0,11107,805E124A0,4442.25,US Dollar,4442.25,US Dollar,ACH,1
2022/09/02 13:27,2915,800A39970,5425,80A58F2B0,232.1,Euro,232.1,Euro,Credit Card,0
2022/09/07 11:44,152416,81488D8B1,126,81488F4B1,0.25284,Bitcoin,0.25284,Bitcoin,Bitcoin,1
2022/09/04 20:39,248290,813370490,6179,81367B690,2634.3,US Dollar,2634.3,US Dollar,ACH,0
2022/09/07 23:08,140754,80F305A80,142183,80FB7E200,57.99,Swiss Franc,57.99,Swiss Franc,ACH,0
2022/09/13 06:16,1267,8007C7660,138395,80E5C5420,125.72,Swiss Franc,125.72,Swiss Franc,ACH,1
2022/09/10 11:49,1588,804D1A000,124290,812554A70,39.36,US Dollar,39.36,US Dollar,Cheque,0
2022/09/09 09:08,48309,811C599A0,48309,811C599A0,47970.16,Saudi Riyal,47970.16,Saudi Riyal,ACH,1
2022/09/07 18:43,240304,80EEF62C0,40905,80F9C5FC0,4001.51,Swiss Franc,4001.51,Swiss Franc,Cheque,0
2022/09/08 13:05,24856,8091037F0,24779,809103F70,1024.37,Canadian Dollar,1024.37,Canadian Dollar,ACH,1
2022/09/04 11:37,70,1004286A8,232154,80CA7D4A0,1351.74,Euro,1351.74,Euro,Cheque,1
2022/09/02 20:47,15,813DFB991,254242,813E371E1,3.600024,Bitcoin,3.600024,Bitcoin,Bitcoin,0
2022/09/04 09:33,210292,804718500,210261,80472EC00,2154157.57,Yen,2154157.57,Yen,ACH,1
2022/09/09 19:04,30465,811E62930,9209,811E63560,18412.01,Yuan,18412.01,Yuan,ACH,0
2022/09/08 02:28,20,80026E2C0,12,800054B70,15377.16,US Dollar,15377.16,US Dollar,ACH,1
2022/09/08 09:29,154605,81464D9B1,54219,81464BEA1,0.074176,Bitcoin,0.074176,Bitcoin,Bitcoin,0
2022/09/01 13:39,8888,80AB234D0,8888,80AB234D0,594.77,Euro,594.77,Euro,Reinvestment,0
2022/09/05 20:06,221731,80CD85F90,20898,80CD86F10,290.72,US Dollar,290.72,US Dollar,ACH,1
2022/09/06 05:17,70,100428780,7,804A4F9B0,24737.66,Rupee,24737.66,Rupee,Cheque,0
2022/09/02 13:03,5466,802725040,23,802725090,701.99,Euro,701.99,Euro,ACH,1
2022/09/06 12:33,19,809260C80,210,809262B80,4868.79,Canadian Dollar,4868.79,Canadian Dollar,ACH,1
2022/09/08 05:15,126,813636911,15,81363C431,0.043134,Bitcoin,0.043134,Bitcoin,Bitcoin,0
2022/09/06 03:47,117143,8074D8890,19907,8074D8D40,4144.79,Ruble,4144.79,Ruble,ACH,1
2022/09/01 21:37,3,80005F220,20,8023637A0,98458.8,Yuan,98458.8,Yuan,Wire,0
2022/09/03 08:25,70,100428660,10232,806FDA690,251.37,US Dollar,251.37,US Dollar,Cheque,1
2022/09/01 00:14,1292,8004191B0,1665,80041D420,25334433.0,US Dollar,25334433.0,US Dollar,Cheque,0
2022/09/03 22:51,143496,8101DBD60,217,810BD4E60,723.05,Shekel,723.05,Shekel,Cheque,0
2022/09/01 02:13,11904,801718B70,8798,805AA9C40,198.16,US Dollar,198.16,US Dollar,Cash,0
2022/09/04 15:24,238845,80F499130,229089,80C7075C0,19169.54,US Dollar,19169.54,US Dollar,ACH,1
2022/09/01 00:08,117698,80AB57AA0,117698,80AB57AA0,23645.74,Euro,23645.74,Euro,Reinvestment,0
2022/09/08 22:52,29279,808933580,16788,80894DAD0,480.04,US Dollar,480.04,US Dollar,ACH,1
2022/09/05 17:01,70,1004289C0,243614,80FF724A0,1889.44,Shekel,1889.44,Shekel,Cash,1
2022/09/01 14:06,137218,80DD96E80,116,80DDADC80,1317.88,Swiss Franc,1317.88,Swiss Franc,Cheque,0
2022/09/01 22:54,70,100428780,14757,8059186D0,914569.94,Rupee,914569.94,Rupee,Cheque,1
2022/09/01 00:24,11474,800957CC0,1588,800B06A80,6.82,US Dollar,6.82,US Dollar,Cash,0
2022/09/03 03:02,118,811BD2320,48308,811F2EE40,142724.82,Saudi Riyal,142724.82,Saudi Riyal,Cash,0
2022/09/01 03:05,254595,813F44E21,254242,813F49D41,0.05286,Bitcoin,0.05286,Bitcoin,Bitcoin,0
2022/09/09 00:26,134939,80CE705C0,908,80419CF40,15362.86,US Dollar,15362.86,US Dollar,ACH,1
2022/09/07 09:26,1,800139380,1299,8008B79F0,6885.95,Euro,6885.95,Euro,ACH,1
2022/09/02 11:44,231744,80C196490,134482,80CD6DC10,1459543.32,Mexican Peso,1459543.32,Mexican Peso,Cash,0
2022/09/05 21:36,152416,813D52D21,255063,814699951,0.08035,Bitcoin,0.08035,Bitcoin,Bitcoin,0
2022/09/09 01:01,212,807C38BC0,120292,808840610,31.39,UK Pound,31.39,UK Pound,Credit Card,0
2022/09/02 07:13,2843,8036FA980,15,80C40DE90,29720131.69,Yen,29720131.69,Yen,Credit Card,0
2022/09/05 06:15,13265,801353830,3489,80123ACA0,770.21,Euro,770.21,Euro,Cheque,0
2022/09/02 09:50,15980,80F23FA00,29279,80F5B9820,1376.17,US Dollar,1376.17,US Dollar,Cheque,0
2022/09/09 09:02,210431,809BFD6B0,1412,800DE5840,15784.68,US Dollar,15784.68,US Dollar,ACH,1
2022/09/02 07:01,22205,80820E4C0,6129,80B4C4290,214.82,US Dollar,214.82,US Dollar,Credit Card,0
2022/09/02 15:22,4766,805ADBD30,1686,8060C06A0,2424.19,US Dollar,2424.19,US Dollar,Credit Card,0
2022/09/02 10:37,70,1004286A8,45887,8144C31A0,1021.7,Euro,1021.7,Euro,Credit Card,1
2022/09/11 19:29,29251,807ABA360,1412,8051E3B20,8884.75,US Dollar,8884.75,US Dollar,ACH,1
2022/09/06 17:05,123997,80DFA3980,121358,8123F3FD0,24909.25,US Dollar,24909.25,US Dollar,Credit Card,0
2022/09/09 14:40,10,80018E990,1362,8001C47A0,4.28,US Dollar,4.28,US Dollar,Cheque,0
2022/09/02 21:59,213,809277AD0,125811,809D51E10,506.67,Canadian Dollar,506.67,Canadian Dollar,Credit Card,0
2022/09/05 23:56,11405,800EE6B70,3489,801AE4070,2727.2,Euro,2727.2,Euro,ACH,1
2022/09/04 13:05,213,809083BE0,8,80965F790,6561.4,Canadian Dollar,6561.4,Canadian Dollar,Cheque,0
2022/09/10 16:16,231212,80ED002D0,1502,805EB9B90,9099.08,Euro,9099.08,Euro,ACH,1
2022/09/10 17:04,70,1004286A8,16354,80637CE00,74.0,Euro,74.0,Euro,Credit Card,1
2022/09/06 20:07,29467,804152B40,214621,80758D4D0,15343.72,US Dollar,15343.72,US Dollar,ACH,1
2022/09/01 20:02,3229,802F99750,1420,80E3FC930,10372.05,US Dollar,10372.05,US Dollar,Cheque,0
2022/09/02 09:19,325899,80974F220,25847,809750470,2405.52,Canadian Dollar,2405.52,Canadian Dollar,Credit Card,0
2022/09/06 18:57,142950,8109A1EF0,43460,8109A9780,5302.11,Shekel,5302.11,Shekel,ACH,1
2022/09/09 21:34,13862,8078765D0,15723,80273FB80,7233.98,US Dollar,7233.98,US Dollar,ACH,1
2022/09/01 23:30,4242,8087E59D0,3242,80D1A92E0,137.69,US Dollar,137.69,US Dollar,Credit Card,0
2022/09/09 16:37,117,80DC5C2B0,38478,80E2C2840,36.15,Swiss Franc,36.15,Swiss Franc,Cheque,0
2022/09/13 19:05,18617,8073E7BB0,225263,80E6BFD50,5105.07,US Dollar,5105.07,US Dollar,ACH,1
2022/09/04 00:58,6,804BEF700,112733,804C00CD0,137549.9,Rupee,137549.9,Rupee,ACH,1
2022/09/08 11:59,111031,80C3BDF50,111974,80F5778D0,2861107.7,Yen,2861107.7,Yen,ACH,1
2022/09/10 06:03,2439,802C439B0,4523,806D98E50,995.36,US Dollar,995.36,US Dollar,Cheque,0
2022/09/09 15:35,70,1004286A8,7195,808BE4E00,87.16,Euro,87.16,Euro,Cash,1
2022/09/07 14:10,3881,811032980,30850,811040820,745.57,Euro,745.57,Euro,ACH,1
2022/09/10 06:15,7,80617F9A0,16787,806FC74B0,89321.9,Ruble,89321.9,Ruble,ACH,0
2022/09/09 06:11,10,8060A7400,7,80612A240,92548.7,Ruble,92548.7,Ruble,Cheque,0
2022/09/09 09:35,27621,80A856930,28628,80A856A70,770.79,Australian Dollar,770.79,Australian Dollar,ACH,1
2022/09/03 16:15,214,80C1ED8D0,113935,8077C0760,10417.03,Euro,10417.03,Euro,ACH,1
2022/09/05 18:23,14099,802684880,148159,8135AA580,93.38,US Dollar,93.38,US Dollar,ACH,0
2022/09/08 08:42,111425,808ED6360,15964,8027EDAA0,14821.32,Euro,14821.32,Euro,ACH,1
2022/09/06 05:01,28663,80A732B00,127593,80A9254F0,198.32,Australian Dollar,198.32,Australian Dollar,Credit Card,0
2022/09/10 02:52,50202,812D129C0,222,812D127D0,39989.31,Saudi Riyal,39989.31,Saudi Riyal,ACH,1
2022/09/08 22:36,217,8000D1CD0,243897,810101BC0,12866.88,Shekel,12866.88,Shekel,Credit Card,0
2022/09/01 08:22,22828,8041CFCB0,8354,809DD3410,3748.9,US Dollar,3748.9,US Dollar,Cheque,0
2022/09/07 13:42,18015,8051B9B10,25547,808FD4070,2050.43,US Dollar,2050.43,US Dollar,Cheque,0
2022/09/01 15:47,13265,812515850,13265,812515850,11.13,Euro,11.13,Euro,Reinvestment,0
2022/09/03 19:21,70,1004286A8,22806,8133CC9C0,10805.78,Euro,10805.78,Euro,Credit Card,0
2022/09/05 18:38,131800,80C7BBE40,115656,80C98A830,3738.27,Euro,3738.27,Euro,ACH,1
2022/09/08 00:21,229122,80A939FA0,127593,80A46C8A0,698.49,Australian Dollar,698.49,Australian Dollar,Credit Card,0
2022/09/08 17:40,13057,8019D0940,14325,801A21E40,2384.81,US Dollar,2384.81,US Dollar,ACH,1
2022/09/02 22:49,225,814281731,254242,814281781,0.373332,Bitcoin,0.373332,Bitcoin,Bitcoin,1
2022/09/04 20:00,32814,80C1EAD60,213,80C1EAEF0,41416.01,Mexican Peso,41416.01,Mexican Peso,ACH,1
2022/09/07 11:27,3489,801AE4070,1024,80098A3D0,2561.71,Euro,2561.71,Euro,ACH,1
2022/09/04 00:25,1,8007FF940,4503,8077E5740,223362.54,US Dollar,223362.54,US Dollar,Cheque,0
2022/09/01 00:04,143598,8108399D0,143598,8108399D0,7088.65,Shekel,7088.65,Shekel,Reinvestment,0
2022/09/09 11:29,15,80422D430,14804,806698470,14297.01,US Dollar,14297.01,US Dollar,ACH,1
2022/09/03 05:53,1,80082A8D0,10,80082AA60,551.11,US Dollar,551.11,US Dollar,ACH,1
2022/09/07 08:03,12004,801823D10,23402,80242A960,7457.57,US Dollar,7457.57,US Dollar,ACH,1
2022/09/04 10:30,23,8002A0E00,220,800115860,12271.88,US Dollar,12271.88,US Dollar,ACH,1
2022/09/06 05:59,70,100428660,221891,810B24C80,248.86,US Dollar,248.86,US Dollar,Credit Card,1
2022/09/01 00:05,6129,8136AE630,6129,8136AE630,4.76,US Dollar,4.76,US Dollar,Reinvestment,0
2022/09/08 17:08,111425,80934CDE0,1729,813294760,65.54,US Dollar,65.54,US Dollar,Cheque,0
2022/09/04 19:14,701,80054ABE0,1688,800627A30,15.26,US Dollar,15.26,US Dollar,ACH,0
2022/09/04 01:08,1420,800251BB0,10,800539E70,1261.05,US Dollar,1261.05,US Dollar,Cheque,0
2022/09/06 08:49,6,8056A8380,112064,812235550,24487.55,Rupee,24487.55,Rupee,Cheque,0
2022/09/09 06:06,70,100428660,219184,80C0D8D70,8092.92,US Dollar,8092.92,US Dollar,Credit Card,1
2022/09/10 02:25,15010,801E29300,24482,8033A6890,10520765.04,Euro,10520765.04,Euro,ACH,0
2022/09/06 14:18,70,1004288A0,27621,80A953D80,2019.98,Australian Dollar,2019.98,Australian Dollar,Cheque,1
2022/09/05 16:23,210,8090A6B60,24922,8092E70F0,65.41,Canadian Dollar,65.41,Canadian Dollar,Cheque,0
2022/09/13 17:59,48308,811EDA7A0,249118,812D1A650,59140.58,Saudi Riyal,59140.58,Saudi Riyal,ACH,1
2022/09/07 09:55,70,1004286F0,9691,80B14E750,1668.33,Yuan,1668.33,Yuan,Cheque,1
2022/09/01 00:29,1267,803003E10,1267,803003E10,137.48,Yuan,137.48,Yuan,Reinvestment,0
2022/09/05 00:53,1,80D109180,31208,80DA5C050,199.46,US Dollar,199.46,US Dollar,Cheque,0
2022/09/08 04:52,12,800668A80,135290,81401D560,17479.04,US Dollar,17479.04,US Dollar,Credit Card,0
2022/09/08 11:00,212818,804BEB1D0,16,805E47A10,10050.82,Rupee,10050.82,Rupee,Cheque,0
2022/09/15 13:55,48309,811C599A0,48309,811C599A0,46862.34,Saudi Riyal,46862.34,Saudi Riyal,ACH,1
2022/09/06 13:15,222,812D127D0,50202,812D129C0,61879.15,Saudi Riyal,61879.15,Saudi Riyal,ACH,1
2022/09/10 18:52,16109,803E47E50,1601,808FE2E00,7104.28,US Dollar,7104.28,US Dollar,ACH,1
2022/09/02 11:18,14077,813A090C0,17753,813A09110,3285.04,US Dollar,3285.04,US Dollar,ACH,1
2022/09/07 18:57,14277,80784CCE0,111141,80C5219E0,10238.04,Euro,10238.04,Euro,ACH,1
2022/09/06 09:36,1490,800EC78B0,23344,8025E2460,212.53,Euro,212.53,Euro,Credit Card,0
2022/09/08 06:18,121,8000E1590,222,800051110,42157.78,Saudi Riyal,42157.78,Saudi Riyal,ACH,1
2022/09/08 18:47,12,800240F70,20,800120A50,1456.49,Euro,1456.49,Euro,ACH,1
2022/09/02 12:17,10,80011BC60,1292,8006DC5F0,192143.18,US Dollar,192143.18,US Dollar,Cash,0
2022/09/09 19:47,222103,808E559E0,13083,808E56A90,2240.48,Euro,2240.48,Euro,ACH,1
2022/09/10 16:23,235509,80CEC5700,17863,81198DE10,16594.71,Euro,16594.71,Euro,ACH,1
2022/09/09 17:42,1522,8009E2800,3045,801FD8E40,19.01,Euro,19.01,Euro,Cheque,0
2022/09/08 13:12,11107,801BE4DF0,218438,8075B8E50,2823.39,US Dollar,2823.39,US Dollar,Credit Card,0
2022/09/02 15:15,16224,807030870,132499,811CE3310,11115.62,US Dollar,11115.62,US Dollar,ACH,0
2022/09/02 14:00,2991,804452980,250511,812780040,94.66,US Dollar,94.66,US Dollar,Credit Card,0
2022/09/02 22:58,113523,8054100E0,25309,80BA89030,11765.4,Euro,11765.4,Euro,ACH,1
2022/09/04 02:43,240304,80EA03FB0,238845,80EA04000,1683.99,Swiss Franc,1683.99,Swiss Franc,ACH,1
2022/09/02 17:10,18200,8039A7AD0,131928,80C240FF0,1502.24,Yuan,1502.24,Yuan,Wire,0
2022/09/13 11:37,214749,805DB7F20,16109,808252DC0,9652.37,US Dollar,9652.37,US Dollar,ACH,1
2022/09/08 16:25,4,8007C5C80,16733,8069CC590,17987.24,US Dollar,17987.24,US Dollar,ACH,1
2022/09/08 19:17,2591,800AEAC00,20,8002DA960,1929.85,Euro,1929.85,Euro,ACH,1
2022/09/05 15:34,22806,8014DF070,26463,802F08490,23775.07,Euro,23775.07,Euro,ACH,0
2022/09/03 14:35,21387,8013D2F20,2915,801908010,6978.86,Euro,6978.86,Euro,ACH,1
2022/09/10 20:00,25536,804A5B180,11056,804A5BFD0,96.66,Euro,96.66,Euro,ACH,1
2022/09/02 16:43,3489,80211F620,13265,8019C6830,15645.62,Euro,15645.62,Euro,ACH,1
2022/09/09 14:25,221279,80C0D3710,127999,80AD0E740,4352.31,Australian Dollar,4352.31,Australian Dollar,ACH,1
2022/09/10 02:11,15231,80266F880,23691,8021353D0,16375.47,Euro,16375.47,Euro,ACH,1
2022/09/04 09:31,243614,810274570,143493,8102745C0,47987.67,Shekel,47987.67,Shekel,ACH,1
2022/09/09 13:47,18067,803707DC0,213952,80794B6F0,12898.83,US Dollar,12898.83,US Dollar,ACH,1
2022/09/10 06:02,21918,801BD29C0,213137,805071410,50229781.12,Euro,50229781.12,Euro,Cheque,0
2022/09/02 17:08,70,100428660,15695,807A03CC0,1614.74,US Dollar,1614.74,US Dollar,Cash,1
2022/09/01 00:18,225263,80C1094C0,31161,813DA1840,90.08,US Dollar,90.08,US Dollar,Credit Card,0
2022/09/01 04:21,701,801328970,21550,8067A3AB0,179.49,US Dollar,179.49,US Dollar,Cheque,0
2022/09/04 19:36,238038,811FE25E0,14325,811FE2900,521.49,US Dollar,521.49,US Dollar,ACH,1
2022/09/01 20:18,255063,8146AF431,255063,8146AF431,0.001469,Bitcoin,0.001469,Bitcoin,Bitcoin,0
2022/09/06 18:00,70,1004286A8,32317,8144A1AC0,7737.82,Euro,7737.82,Euro,Cash,1
2022/09/05 19:19,110603,8076E3D00,13862,804AFC550,860.19,Euro,860.19,Euro,ACH,1
2022/09/09 14:16,70,1004286A8,217950,80AF10E50,11183.48,Euro,11183.48,Euro,Credit Card,0
2022/09/06 03:06,70,100428660,53160,813908380,1617.25,US Dollar,1617.25,US Dollar,Cheque,1
2022/09/09 10:47,112064,804ABF2B0,13184,8053CBEC0,571249.52,Rupee,571249.52,Rupee,Wire,0
2022/09/08 18:55,70,100428660,1,800139380,222.15,US Dollar,222.15,US Dollar,Cheque,0
2022/09/08 21:05,21550,80ED23F70,117453,80ED23FC0,924.63,US Dollar,924.63,US Dollar,ACH,1
2022/09/07 10:25,22164,800F21F90,1457,806C681F0,66.47,US Dollar,66.47,US Dollar,Cheque,0
2022/09/09 12:20,23842,8019C0990,2454,8016EFD70,6593.51,US Dollar,6593.51,US Dollar,ACH,1
2022/09/02 09:08,15,803AA83B0,9665,803E56380,2214683.33,Yen,2214683.33,Yen,Wire,0
2022/09/14 08:07,1412,8051E3B20,14663,806911FE0,10874.08,Euro,10874.08,Euro,ACH,1
2022/09/10 13:44,14,810678DA0,243947,810AA25A0,5963.21,Shekel,5963.21,Shekel,Cheque,0
2022/09/01 00:00,70,100428A51,154043,8140BE7C1,0.005784,Bitcoin,0.005784,Bitcoin,Bitcoin,0
2022/09/01 17:50,1674,8036346E0,117435,807053E90,13836012.98,Ruble,13836012.98,Ruble,Credit Card,0
2022/09/01 14:04,15231,80266F880,15231,80266F880,14998.24,Euro,14998.24,Euro,ACH,1
2022/09/01 00:20,8805,8055B6B40,8805,8055B6B40,3.18,US Dollar,3.18,US Dollar,Reinvestment,0
2022/09/03 13:01,70,1004287C8,17554,806F5CF70,1027274.27,Ruble,1027274.27,Ruble,Cash,1
2022/09/02 08:38,70,100428660,10,80D820550,2437.52,US Dollar,2437.52,US Dollar,Cheque,1
2022/09/02 00:17,312686,804A52490,7,804A51A50,3339.89,Rupee,3339.89,Rupee,ACH,0
2022/09/02 15:11,1,8006FA4B0,211,808E44B10,692.25,UK Pound,692.25,UK Pound,ACH,1
2022/09/02 15:17,122055,8090EBA70,225215,8094E8DB0,3799.64,Canadian Dollar,3799.64,Canadian Dollar,Cheque,0
2022/09/09 13:19,315848,805F525B0,113304,805F38E60,39361.03,Rupee,39361.03,Rupee,ACH,0
2022/09/09 13:20,219077,807F301A0,217959,80BF437C0,310705.04,Euro,310705.04,Euro,Cheque,0
2022/09/07 19:04,222858,808E4D240,22957,808E63F10,220.43,UK Pound,220.43,UK Pound,Credit Card,0
2022/09/03 18:48,214100,807824060,26174,809CC4600,2558.37,Canadian Dollar,2558.37,Canadian Dollar,ACH,1
2022/09/01 00:51,1467,800DCDD30,14325,80A849630,816.33,US Dollar,816.33,US Dollar,Credit Card,0
2022/09/05 06:27,5175,8027E88A0,5365,8032908A0,116.75,Euro,116.75,Euro,Cheque,0
2022/09/04 22:13,12719,80330A900,14433,80330A9A0,4131.18,US Dollar,4131.18,US Dollar,ACH,1
2022/09/02 08:41,22758,808BB0C00,12797,80C892DF0,1759.45,Euro,1759.45,Euro,ACH,0
2022/09/01 21:17,12561,80189D920,24144,80189D9C0,302.52,Euro,302.52,Euro,ACH,1
2022/09/09 01:19,23537,804E6EA20,1467,8003E2010,856.37,US Dollar,856.37,US Dollar,ACH,1
2022/09/01 12:04,30380,80F5F82C0,30380,80F5F82C0,90.08,Yuan,90.08,Yuan,Reinvestment,0
2022/09/02 15:09,31253,80C379450,28768,80A7B9290,10545.5,Australian Dollar,10545.5,Australian Dollar,ACH,1
2022/09/09 21:29,21575,800DCD640,26024,802B7F0F0,2463.18,US Dollar,2463.18,US Dollar,ACH,1
2022/09/01 00:14,12004,80BA96D60,12004,80BA96D60,13.7,Euro,13.7,Euro,Reinvestment,0
2022/09/04 00:58,9587,804C8E140,18475,80D3EC370,107022.99,Yuan,107022.99,Yuan,Credit Card,0
2022/09/06 14:23,1412,800E14330,1411,801E2D730,1881.22,US Dollar,1881.22,US Dollar,Cheque,0
2022/09/02 05:46,11056,80099E420,11056,800F25AE0,6355.4,Euro,6355.4,Euro,Credit Card,0
2022/09/01 21:59,120519,8080BF840,120519,8080BF840,6826.06,Euro,6826.06,Euro,Reinvestment,0
2022/09/05 04:18,12,800466FA0,14325,808732A00,16.86,US Dollar,16.86,US Dollar,Wire,0
2022/09/10 06:54,11157,80931F970,6129,809327360,26147.38,US Dollar,26147.38,US Dollar,ACH,1
2022/09/08 06:47,70,100428A08,48755,812858B80,1929.23,Saudi Riyal,1929.23,Saudi Riyal,Cash,1
2022/09/01 01:33,70,100428780,213005,805FE2720,1178468.34,Rupee,1178468.34,Rupee,Credit Card,0
2022/09/14 19:50,28,8000B8AB0,1467,800402D40,11052.33,US Dollar,11052.33,US Dollar,ACH,1
2022/09/05 13:02,11,800065CB0,1490,800289800,12045.12,Euro,12045.12,Euro,ACH,1
2022/09/01 18:13,70,100428660,24869,80F29BD20,137.93,US Dollar,137.93,US Dollar,Cash,1
2022/09/02 14:09,12,8047A8E50,16,804A8B0D0,10706.02,Rupee,10706.02,Rupee,Cheque,0
2022/09/09 08:18,53744,813CE86C1,254355,8141327B1,701.102726,Bitcoin,701.102726,Bitcoin,Bitcoin,0
2022/09/09 05:38,12,8010D4440,22,801E7B850,4773.42,Euro,4773.42,Euro,ACH,1
2022/09/05 18:38,12797,801842E40,23,802A04340,2714.34,Euro,2714.34,Euro,Credit Card,0
2022/09/10 19:27,117,8000C5D00,238190,80F4DE000,1948.97,Swiss Franc,1948.97,Swiss Franc,Credit Card,0
2022/09/08 16:53,214615,8075AC7C0,21918,810E74260,11981.12,Euro,11981.12,Euro,ACH,1
2022/09/08 02:14,213,80964F210,126190,809E341C0,9629.96,Canadian Dollar,9629.96,Canadian Dollar,Credit Card,0
2022/09/09 03:05,19925,803C37930,7,8080F7450,14446.43,UK Pound,14446.43,UK Pound,ACH,1
2022/09/08 03:51,222,811BA8F30,148016,81235C700,4787.14,Saudi Riyal,4787.14,Saudi Riyal,Cheque,0
2022/09/07 07:10,11056,80157E940,139793,80EB1AA20,18932676.59,Swiss Franc,18932676.59,Swiss Franc,ACH,1
2022/09/01 05:24,513,800858E20,25637,8032B3C40,262.27,US Dollar,262.27,US Dollar,Cash,0
2022/09/02 09:23,70,100428660,2385,8034D2BB0,3420.2,US Dollar,3420.2,US Dollar,Credit Card,1
2022/09/10 03:15,11296,801F4E930,15447,808D01AA0,1872.18,US Dollar,1872.18,US Dollar,Credit Card,0
2022/09/03 17:48,135403,80E2226E0,15730,80662DE10,9015.42,US Dollar,9015.42,US Dollar,ACH,1
2022/09/06 08:22,1853,800C99300,21258,800C993F0,3454.69,US Dollar,3454.69,US Dollar,ACH,1
2022/09/09 10:10,70,1004286A8,24144,8020F2020,23573.65,Euro,23573.65,Euro,Cheque,0
2022/09/06 08:35,11471,8025074F0,235878,80D059850,185.16,US Dollar,185.16,US Dollar,Wire,0
2022/09/05 06:42,4,803148DA0,9608,80CD11770,12712.66,Yuan,12712.66,Yuan,Wire,0
2022/09/16 06:00,15,803DE4A90,1501,802097E60,12350.22,Euro,12350.22,Euro,ACH,1
2022/09/06 01:12,3,812F67640,51285,812F67780,22568.96,Yuan,22568.96,Yuan,ACH,1
2022/09/08 09:25,1,800056160,1362,80034D670,1983.17,US Dollar,1983.17,US Dollar,Credit Card,0
2022/09/01 20:15,2843,808D21A10,17400,80B9931B0,41.08,US Dollar,41.08,US Dollar,Credit Card,0
2022/09/08 15:02,410,80D52AE50,111141,80C5219E0,4911.36,Euro,4911.36,Euro,ACH,1
2022/09/05 03:15,70,100428660,247368,8145D4C50,126.79,US Dollar,126.79,US Dollar,Cheque,1
2022/09/06 13:32,212,80F1B4940,1547,8028F2650,6093.78,Euro,6093.78,Euro,ACH,1
2022/09/06 02:19,29404,80F0A0EC0,35684,8105B3F70,846.41,US Dollar,846.41,US Dollar,Cheque,0
2022/09/05 21:37,118,811B9B110,222,811D80C30,9318.89,Saudi Riyal,9318.89,Saudi Riyal,ACH,1
2022/09/05 09:55,11107,8018A2ED0,11157,802CAB540,486821.06,US Dollar,486821.06,US Dollar,Cash,0
2022/09/10 11:24,11128,8045F4500,6625,80DE4F560,15470.19,Euro,15470.19,Euro,ACH,1
2022/09/06 21:14,410,8004F8EB0,20,800F851B0,288.72,Euro,288.72,Euro,Credit Card,0
2022/09/01 01:14,43849,810EB0070,246581,8119D1B90,19801.11,Shekel,19801.11,Shekel,Credit Card,0
2022/09/12 11:11,4726,802E2AD70,134976,80CFD3670,81357.12,Brazil Real,81357.12,Brazil Real,ACH,1
2022/09/02 22:19,213,80BE911D0,131086,80BEED0E0,1184.3,Mexican Peso,1184.3,Mexican Peso,Credit Card,0
2022/09/05 13:01,116904,806AAAF70,116781,806D62260,158605.9,Ruble,158605.9,Ruble,Cheque,0
2022/09/09 06:07,10099,80C4CF5D0,212204,80C4D6180,166436.24,Yen,166436.24,Yen,ACH,1
2022/09/01 10:21,118,811BCD660,48211,811BCDC50,3030.22,Saudi Riyal,3030.22,Saudi Riyal,ACH,1
2022/09/02 03:22,211,808647180,3698,80D4C6EC0,27103.24,US Dollar,27103.24,US Dollar,Credit Card,0
2022/09/09 11:15,13516,8014FA230,15010,802F245B0,164.81,Euro,164.81,Euro,Wire,0
2022/09/10 12:21,118,811BCF2E0,19888,8079DDC30,6889.99,US Dollar,6889.99,US Dollar,ACH,1
2022/09/07 02:15,70,100428660,11296,80228C6F0,138.88,US Dollar,138.88,US Dollar,Cheque,1
2022/09/02 19:47,223030,808A400D0,12004,81407E930,477.09,Euro,477.09,Euro,Cheque,0
2022/09/02 11:36,1,807B579A0,125906,809A74CC0,732.63,US Dollar,732.63,US Dollar,Cheque,0
2022/09/02 19:20,908,8006E4A40,7548,802DD7890,5127.49,Euro,5127.49,Euro,ACH,1
2022/09/02 17:46,2843,800A4B110,410,801EE9E40,216174961.98,Euro,216174961.98,Euro,ACH,1
2022/09/06 17:27,70,1004286A8,15863,814726A30,125.03,Euro,125.03,Euro,Credit Card,0
2022/09/07 05:21,8248,803088BE0,4,8030E93D0,2438.98,Yuan,2438.98,Yuan,Credit Card,0
2022/09/09 20:46,70,1004286A8,220888,8130A50A0,166812.38,Euro,166812.38,Euro,Cheque,0
2022/09/08 18:04,214529,8058A51E0,221765,807EE72F0,1848.75,UK Pound,1848.75,UK Pound,ACH,1
2022/09/06 10:56,4766,802E7CA30,1665,804675CF0,1676.3,US Dollar,1676.3,US Dollar,ACH,1
2022/09/04 22:58,213,809E26AD0,13078,8053B01E0,918374.42,Rupee,918374.42,Rupee,ACH,1
2022/09/08 21:17,24779,8091900E0,25170,8092EE1B0,109.55,Canadian Dollar,109.55,Canadian Dollar,Cheque,0
2022/09/08 00:14,1241,80AD837A0,15085,80AD837F0,3890.01,US Dollar,3890.01,US Dollar,ACH,1
2022/09/09 14:43,70,100428810,220504,8084F2630,7.8,UK Pound,7.8,UK Pound,Cheque,1
2022/09/02 17:31,9328,8038EE590,9417,807519B30,5350.8,Yuan,5350.8,Yuan,Cheque,0
2022/09/08 13:57,23842,80C69F9C0,224866,8131D2540,74.15,US Dollar,74.15,US Dollar,Cash,0
2022/09/09 05:43,9679,80452D470,11318,80155CC50,4284.5,US Dollar,4284.5,US Dollar,ACH,1
2022/09/05 06:12,1547,800D50EB0,15750,8131F6BD0,4550.8,Euro,4550.8,Euro,Cheque,0
2022/09/09 17:19,1198,80FD71600,43049,80FF9BD20,1664.29,Shekel,1664.29,Shekel,Cheque,0
2022/09/01 22:09,10,80097A080,1362,802447C40,308.14,US Dollar,308.14,US Dollar,ACH,0
2022/09/03 02:15,26,80767B090,26,807685D00,569.86,UK Pound,569.86,UK Pound,Cheque,0
2022/09/05 06:03,70,1004288A0,27995,80A4B1490,42.49,Australian Dollar,42.49,Australian Dollar,Credit Card,0
2022/09/02 19:21,24850,806916180,24811,80DC91FD0,9151.32,Euro,9151.32,Euro,Credit Card,0
2022/09/08 11:06,27120,809F77020,15085,81121FAB0,6756258.13,US Dollar,6756258.13,US Dollar,ACH,1
2022/09/08 10:00,11,80005F430,240774,80EDF8C80,6366.97,Swiss Franc,6366.97,Swiss Franc,ACH,1
2022/09/03 11:50,115,80D674080,136334,80D899A60,6659.1,Brazil Real,6659.1,Brazil Real,Cheque,0
2022/09/02 18:14,16333,805B28A30,18097,80737CF70,13642.74,Yuan,13642.74,Yuan,Credit Card,0
2022/09/08 10:43,11056,802C9E850,11,809D11770,262.55,Euro,262.55,Euro,Cash,0
2022/09/05 14:40,70,1004286F0,21381,80412B0E0,52403.95,Yuan,52403.95,Yuan,Cheque,1
2022/09/01 09:11,12,804C70490,113530,8053BDAC0,1211.77,Rupee,1211.77,Rupee,Cheque,0
2022/09/01 21:37,24840,802624690,5464,80312E180,738914.81,Euro,738914.81,Euro,Wire,0
